{
  "minecraft:recipes/tools/fishing_rod": {
    "criteria": {
      "has_string": "2024-01-10 15:45:40 +0800"
    },
    "done": true
  },
  "minecraft:recipes/decorations/purple_stained_glass_pane": {
    "criteria": {
      "has_glass": "2024-01-10 19:06:10 +0800"
    },
    "done": true
  },
  "minecraft:recipes/building_blocks/black_stained_glass": {
    "criteria": {
      "has_glass": "2024-01-10 19:06:10 +0800"
    },
    "done": true
  },
  "minecraft:recipes/building_blocks/red_stained_hardened_clay": {
    "criteria": {
      "has_hardened_clay": "2024-08-18 10:08:59 +0800"
    },
    "done": true
  },
  "minecraft:recipes/redstone/lever": {
    "criteria": {
      "has_cobblestone": "2024-01-10 15:08:15 +0800"
    },
    "done": true
  },
  "astralsorcery:find_minor_constellation": {
    "criteria": {
      "minor_constellation_discovered": "2024-09-13 00:38:13 +0800"
    },
    "done": true
  },
  "minecraft:recipes/combat/iron_sword": {
    "criteria": {
      "has_iron_ingot": "2024-01-10 15:21:38 +0800"
    },
    "done": true
  },
  "minecraft:recipes/misc/light_blue_dye_from_blue_orchid": {
    "criteria": {
      "has_red_flower": "2024-08-16 06:16:13 +0800"
    },
    "done": true
  },
  "minecraft:recipes/misc/magenta_dye_from_lilac": {
    "criteria": {
      "has_double_plant": "2024-08-23 10:59:58 +0800"
    },
    "done": true
  },
  "minecraft:recipes/redstone/observer": {
    "criteria": {
      "has_quartz": "2024-01-11 12:58:43 +0800"
    },
    "done": true
  },
  "minecraft:recipes/redstone/spruce_door": {
    "criteria": {
      "has_planks": "2024-08-14 07:21:34 +0800"
    },
    "done": true
  },
  "minecraft:recipes/building_blocks/mossy_cobblestone": {
    "criteria": {
      "has_vine": "2024-08-16 02:08:41 +0800"
    },
    "done": true
  },
  "minecraft:recipes/building_blocks/snow": {
    "criteria": {
      "has_snowball": "2024-01-11 11:53:23 +0800"
    },
    "done": true
  },
  "astralsorcery:root": {
    "criteria": {
      "astralsorcery_present": "2024-01-09 01:03:15 +0800"
    },
    "done": true
  },
  "minecraft:recipes/misc/light_gray_dye_from_white_tulip": {
    "criteria": {
      "has_red_flower": "2024-01-10 15:16:29 +0800"
    },
    "done": true
  },
  "minecraft:recipes/building_blocks/lime_concrete_powder": {
    "criteria": {
      "has_sand": "2024-01-10 16:41:49 +0800"
    },
    "done": true
  },
  "enderioconduits:energy/2_energy_conduit_enhanced": {
    "criteria": {
      "inv_changed-enderio:power_conduit_enhanced": "2024-08-18 05:35:48 +0800"
    },
    "done": true
  },
  "minecraft:recipes/building_blocks/nether_brick_slab": {
    "criteria": {
      "has_nether_brick": "2024-08-16 07:37:50 +0800"
    },
    "done": true
  },
  "totemic:recipes/totempedia": {
    "criteria": {
      "has_paper": "2024-08-18 10:12:08 +0800"
    },
    "done": true
  },
  "minecraft:recipes/tools/iron_pickaxe": {
    "criteria": {
      "has_iron_ingot": "2024-01-10 15:21:38 +0800"
    },
    "done": true
  },
  "minecraft:recipes/building_blocks/gray_stained_glass": {
    "criteria": {
      "has_glass": "2024-01-10 19:06:10 +0800"
    },
    "done": true
  },
  "minecraft:recipes/building_blocks/yellow_concrete_powder": {
    "criteria": {
      "has_sand": "2024-01-10 16:41:49 +0800"
    },
    "done": true
  },
  "minecraft:recipes/redstone/spruce_fence_gate": {
    "criteria": {
      "has_planks": "2024-08-14 07:21:34 +0800"
    },
    "done": true
  },
  "minecraft:recipes/misc/pumpkin_seeds": {
    "criteria": {
      "has_pumpkin": "2024-01-11 11:34:18 +0800"
    },
    "done": true
  },
  "minecraft:recipes/combat/leather_helmet": {
    "criteria": {
      "has_leather": "2024-08-16 05:59:05 +0800"
    },
    "done": true
  },
  "minecraft:recipes/decorations/crafting_table": {
    "criteria": {
      "has_the_recipe": "2024-01-10 15:08:46 +0800"
    },
    "done": true
  },
  "minecraft:recipes/building_blocks/magenta_wool": {
    "criteria": {
      "has_white_wool": "2024-08-15 08:29:18 +0800"
    },
    "done": true
  },
  "minecraft:recipes/building_blocks/mossy_stonebrick": {
    "criteria": {
      "has_mossy_cobblestone": "2024-08-16 02:09:32 +0800"
    },
    "done": true
  },
  "minecraft:recipes/building_blocks/purple_stained_glass": {
    "criteria": {
      "has_glass": "2024-01-10 19:06:10 +0800"
    },
    "done": true
  },
  "minecraft:recipes/misc/melon_seeds": {
    "criteria": {
      "has_melon": "2024-08-16 03:28:32 +0800"
    },
    "done": true
  },
  "botania:main/generating_flower": {
    "criteria": {
      "code_triggered": "2024-01-10 17:18:00 +0800"
    },
    "done": true
  },
  "minecraft:recipes/decorations/ladder": {
    "criteria": {
      "has_stick": "2024-01-10 15:14:48 +0800"
    },
    "done": true
  },
  "minecraft:recipes/building_blocks/black_stained_hardened_clay": {
    "criteria": {
      "has_hardened_clay": "2024-08-18 10:08:59 +0800"
    },
    "done": true
  },
  "minecraft:recipes/decorations/chest": {
    "criteria": {
      "has_lots_of_items": "2024-01-09 01:25:16 +0800"
    },
    "done": true
  },
  "minecraft:recipes/combat/golden_sword": {
    "criteria": {
      "has_gold_ingot": "2024-01-11 00:50:49 +0800"
    },
    "done": true
  },
  "minecraft:recipes/building_blocks/white_stained_hardened_clay": {
    "criteria": {
      "has_hardened_clay": "2024-08-18 10:08:59 +0800"
    },
    "done": true
  },
  "minecraft:recipes/decorations/magenta_stained_glass_pane": {
    "criteria": {
      "has_glass": "2024-01-10 19:06:10 +0800"
    },
    "done": true
  },
  "minecraft:recipes/building_blocks/red_sandstone": {
    "criteria": {
      "has_sand": "2024-01-10 18:22:26 +0800"
    },
    "done": true
  },
  "minecraft:recipes/tools/wooden_shovel": {
    "criteria": {
      "has_stick": "2024-01-10 15:14:48 +0800"
    },
    "done": true
  },
  "minecraft:recipes/decorations/torch": {
    "criteria": {
      "has_the_recipe": "2024-01-10 15:33:31 +0800"
    },
    "done": true
  },
  "minecraft:recipes/building_blocks/purpur_stairs": {
    "criteria": {
      "has_purpur_block": "2024-01-11 13:06:41 +0800"
    },
    "done": true
  },
  "enderio:gears/g3_iron_gear": {
    "criteria": {
      "inv_changed-enderio:item_material": "2024-08-16 08:31:21 +0800"
    },
    "done": true
  },
  "minecraft:recipes/tools/shears": {
    "criteria": {
      "has_iron_ingot": "2024-01-10 15:21:38 +0800"
    },
    "done": true
  },
  "minecraft:recipes/building_blocks/lime_stained_hardened_clay": {
    "criteria": {
      "has_hardened_clay": "2024-08-18 10:08:59 +0800"
    },
    "done": true
  },
  "minecraft:recipes/misc/stick": {
    "criteria": {
      "has_planks": "2024-01-10 15:09:53 +0800"
    },
    "done": true
  },
  "minecraft:recipes/redstone/redstone_lamp": {
    "criteria": {
      "has_glowstone": "2024-08-15 08:48:48 +0800"
    },
    "done": true
  },
  "extrabotany:main/infinitewinecraft": {
    "criteria": {
      "ebt_trigger": "2024-08-16 06:32:09 +0800"
    },
    "done": true
  },
  "minecraft:recipes/redstone/dispenser": {
    "criteria": {
      "has_bow": "2024-08-16 04:24:44 +0800"
    },
    "done": true
  },
  "minecraft:recipes/misc/pink_dye_from_red_bonemeal": {
    "criteria": {
      "has_red_dye": "2024-01-10 18:16:01 +0800"
    },
    "done": true
  },
  "botania:challenge/odin_ring": {
    "criteria": {
      "ring": "2024-08-16 05:06:12 +0800"
    },
    "done": true
  },
  "minecraft:recipes/building_blocks/emerald_block": {
    "criteria": {
      "has_at_least_9_emerald": "2024-01-10 15:14:11 +0800"
    },
    "done": true
  },
  "minecraft:recipes/building_blocks/dark_oak_planks": {
    "criteria": {
      "has_log2": "2024-08-15 00:11:55 +0800"
    },
    "done": true
  },
  "minecraft:recipes/transportation/detector_rail": {
    "criteria": {
      "has_rail": "2024-08-15 03:04:37 +0800"
    },
    "done": true
  },
  "minecraft:recipes/food/cake": {
    "criteria": {
      "has_egg": "2024-08-16 05:12:58 +0800"
    },
    "done": true
  },
  "minecraft:recipes/combat/iron_leggings": {
    "criteria": {
      "has_iron_ingot": "2024-01-10 15:21:38 +0800"
    },
    "done": true
  },
  "enderioconduits:item/1_item_conduit": {
    "criteria": {
      "inv_changed-enderio:item_conduit": "2024-08-14 08:01:14 +0800"
    },
    "done": true
  },
  "enderioconduits:item/3_big_filter": {
    "criteria": {
      "inv_changed-enderio:item_big_item_filter": "2024-08-15 00:46:13 +0800"
    },
    "done": true
  },
  "immersiveengineering:main/make_steel": {
    "criteria": {
      "craft_hammer": "2024-08-21 09:08:21 +0800"
    },
    "done": true
  },
  "minecraft:recipes/building_blocks/sandstone_stairs": {
    "criteria": {
      "has_sandstone": "2024-01-11 11:50:59 +0800"
    },
    "done": true
  },
  "extrabotany:main/manareadercraft": {
    "criteria": {
      "ebt_trigger": "2024-08-16 01:12:19 +0800"
    },
    "done": true
  },
  "minecraft:recipes/brewing/golden_carrot": {
    "criteria": {
      "has_gold_nugget": "2024-01-11 00:50:50 +0800"
    },
    "done": true
  },
  "minecraft:recipes/building_blocks/nether_wart_block": {
    "criteria": {
      "has_nether_wart": "2024-08-16 02:22:18 +0800"
    },
    "done": true
  },
  "minecraft:recipes/combat/shield": {
    "criteria": {
      "has_iron_ingot": "2024-01-10 15:21:38 +0800"
    },
    "done": true
  },
  "astralsorcery:craft_t4_altar": {
    "criteria": {
      "altar_craft_t4_altar": "2024-09-10 19:12:50 +0800"
    },
    "done": true
  },
  "minecraft:recipes/decorations/brown_banner": {
    "criteria": {
      "has_brown_wool": "2024-09-17 19:37:16 +0800"
    },
    "done": true
  },
  "minecraft:recipes/building_blocks/cobblestone_slab": {
    "criteria": {
      "has_cobblestone": "2024-01-10 15:08:15 +0800"
    },
    "done": true
  },
  "enderiomachines:basics/sagmill/1_sagmill_get": {
    "criteria": {
      "inv_changed-enderio:block_simple_sag_mill": "2024-08-17 07:50:26 +0800"
    },
    "done": true
  },
  "enderioconduits:start/1_binder_composite": {
    "criteria": {
      "inv_changed-enderio:binder_composite": "2024-08-18 05:12:06 +0800"
    },
    "done": true
  },
  "minecraft:recipes/building_blocks/red_sandstone_stairs": {
    "criteria": {
      "has_red_sandstone": "2024-08-23 07:29:44 +0800"
    },
    "done": true
  },
  "minecraft:recipes/brewing/speckled_melon": {
    "criteria": {
      "has_melon": "2024-08-16 03:28:32 +0800"
    },
    "done": true
  },
  "minecraft:recipes/misc/iron_ingot_from_block": {
    "criteria": {
      "has_the_recipe": "2024-01-10 19:34:58 +0800"
    },
    "done": true
  },
  "minecraft:recipes/redstone/trapped_chest": {
    "criteria": {
      "has_tripwire_hook": "2024-09-17 01:10:35 +0800"
    },
    "done": true
  },
  "minecraft:recipes/redstone/hopper": {
    "criteria": {
      "has_iron_ingot": "2024-01-10 15:21:38 +0800"
    },
    "done": true
  },
  "minecraft:recipes/building_blocks/coarse_dirt": {
    "criteria": {
      "has_gravel": "2024-01-11 11:50:23 +0800"
    },
    "done": true
  },
  "minecraft:recipes/redstone/fence_gate": {
    "criteria": {
      "has_planks": "2024-01-10 15:09:53 +0800"
    },
    "done": true
  },
  "enderioconduits:item/3_advanced_filter": {
    "criteria": {
      "inv_changed-enderio:item_advanced_item_filter": "2024-08-15 00:46:02 +0800"
    },
    "done": true
  },
  "minecraft:recipes/building_blocks/light_gray_concrete_powder": {
    "criteria": {
      "has_sand": "2024-01-10 16:41:49 +0800"
    },
    "done": true
  },
  "enderioconduits:root": {
    "criteria": {
      "inv_changed-enderio:gravel": "2024-01-11 11:50:23 +0800",
      "inv_changed-enderio:clay": "2024-01-11 12:41:36 +0800",
      "inv_changed-enderio:sand": "2024-01-10 16:41:49 +0800"
    },
    "done": true
  },
  "extrabotany:main/achilleshieldcraft": {
    "criteria": {
      "ebt_trigger": "2024-08-16 05:32:18 +0800"
    },
    "done": true
  },
  "extrabotany:main/jingweifeatherget": {
    "criteria": {
      "ebt_trigger": "2024-08-16 06:39:23 +0800"
    },
    "done": true
  },
  "minecraft:recipes/misc/lime_dye": {
    "criteria": {
      "has_bonemeal": "2024-01-11 13:30:56 +0800"
    },
    "done": true
  },
  "naturesaura:end_flower": {
    "criteria": {
      "killed_dragon": "2024-08-16 06:09:54 +0800"
    },
    "done": true
  },
  "minecraft:recipes/combat/leather_leggings": {
    "criteria": {
      "has_leather": "2024-08-16 05:59:05 +0800"
    },
    "done": true
  },
  "minecraft:recipes/building_blocks/pink_concrete_powder": {
    "criteria": {
      "has_sand": "2024-01-10 16:41:49 +0800"
    },
    "done": true
  },
  "minecraft:recipes/building_blocks/sandstone_slab": {
    "criteria": {
      "has_sandstone": "2024-01-11 11:50:59 +0800"
    },
    "done": true
  },
  "minecraft:recipes/misc/emerald": {
    "criteria": {
      "has_the_recipe": "2024-01-10 15:14:11 +0800"
    },
    "done": true
  },
  "minecraft:recipes/building_blocks/yellow_stained_glass": {
    "criteria": {
      "has_glass": "2024-01-10 19:06:10 +0800"
    },
    "done": true
  },
  "minecraft:recipes/decorations/iron_bars": {
    "criteria": {
      "has_iron_ingot": "2024-01-10 15:21:38 +0800"
    },
    "done": true
  },
  "minecraft:recipes/misc/sugar": {
    "criteria": {
      "has_reeds": "2024-01-11 13:32:03 +0800"
    },
    "done": true
  },
  "minecraft:recipes/misc/red_dye_from_rose_bush": {
    "criteria": {
      "has_double_plant": "2024-08-23 10:58:22 +0800"
    },
    "done": true
  },
  "botania:challenge/root": {
    "criteria": {
      "flower": "2024-01-10 15:19:06 +0800"
    },
    "done": true
  },
  "minecraft:recipes/building_blocks/gold_block": {
    "criteria": {
      "has_at_least_9_gold_ingot": "2024-01-11 01:08:35 +0800"
    },
    "done": true
  },
  "minecraft:recipes/building_blocks/blue_wool": {
    "criteria": {
      "has_white_wool": "2024-08-15 08:29:18 +0800"
    },
    "done": true
  },
  "botania:challenge/infinite_fruit": {
    "criteria": {
      "fruit": "2024-08-16 04:56:58 +0800"
    },
    "done": true
  },
  "botania:main/ender_air_make": {
    "criteria": {
      "air": "2024-08-16 06:11:37 +0800"
    },
    "done": true
  },
  "minecraft:recipes/misc/magenta_dye_from_purple_and_pink": {
    "criteria": {
      "has_pink_dye": "2024-09-10 00:35:01 +0800"
    },
    "done": true
  },
  "minecraft:recipes/redstone/comparator": {
    "criteria": {
      "has_quartz": "2024-01-11 12:58:43 +0800"
    },
    "done": true
  },
  "minecraft:recipes/misc/yellow_dye_from_sunflower": {
    "criteria": {
      "has_double_plant": "2024-08-16 06:16:17 +0800"
    },
    "done": true
  },
  "minecraft:recipes/brewing/cauldron": {
    "criteria": {
      "has_water_bucket": "2024-01-10 18:10:44 +0800"
    },
    "done": true
  },
  "enderioconduits:item/2_basic_filter": {
    "criteria": {
      "inv_changed-enderio:item_basic_item_filter": "2024-08-15 00:46:10 +0800"
    },
    "done": true
  },
  "minecraft:recipes/transportation/chest_minecart": {
    "criteria": {
      "has_minecart": "2024-08-15 02:55:37 +0800"
    },
    "done": true
  },
  "minecraft:recipes/combat/diamond_leggings": {
    "criteria": {
      "has_diamond": "2024-01-10 15:43:45 +0800"
    },
    "done": true
  },
  "minecraft:recipes/decorations/gray_stained_glass_pane": {
    "criteria": {
      "has_glass": "2024-01-10 19:06:10 +0800"
    },
    "done": true
  },
  "minecraft:recipes/decorations/armor_stand": {
    "criteria": {
      "has_stone_slab": "2024-08-14 04:48:29 +0800"
    },
    "done": true
  },
  "minecraft:recipes/building_blocks/sandstone": {
    "criteria": {
      "has_sand": "2024-01-10 16:41:49 +0800"
    },
    "done": true
  },
  "minecraft:recipes/building_blocks/red_stained_glass": {
    "criteria": {
      "has_glass": "2024-01-10 19:06:10 +0800"
    },
    "done": true
  },
  "minecraft:recipes/building_blocks/spruce_planks": {
    "criteria": {
      "has_log": "2024-08-11 09:07:31 +0800"
    },
    "done": true
  },
  "minecraft:story/lava_bucket": {
    "criteria": {
      "lava_bucket": "2024-01-11 13:08:25 +0800"
    },
    "done": true
  },
  "minecraft:recipes/building_blocks/oak_stairs": {
    "criteria": {
      "has_planks": "2024-01-10 15:09:53 +0800"
    },
    "done": true
  },
  "minecraft:recipes/building_blocks/quartz_stairs": {
    "criteria": {
      "has_quartz_block": "2024-01-11 12:59:45 +0800"
    },
    "done": true
  },
  "extrabotany:main/armorsetcombat": {
    "criteria": {
      "ebt_trigger": "2024-08-16 05:17:44 +0800"
    },
    "done": true
  },
  "minecraft:recipes/transportation/acacia_boat": {
    "criteria": {
      "entered_water": "2024-01-09 01:03:27 +0800"
    },
    "done": true
  },
  "minecraft:recipes/redstone/iron_trapdoor": {
    "criteria": {
      "has_iron_ingot": "2024-01-10 15:21:38 +0800"
    },
    "done": true
  },
  "minecraft:adventure/root": {
    "criteria": {
      "killed_something": "2024-01-10 15:44:15 +0800"
    },
    "done": true
  },
  "minecraft:recipes/decorations/black_bed": {
    "criteria": {
      "has_black_wool": "2024-08-15 08:30:34 +0800"
    },
    "done": true
  },
  "minecraft:recipes/building_blocks/white_concrete_powder": {
    "criteria": {
      "has_sand": "2024-01-10 16:41:49 +0800"
    },
    "done": true
  },
  "extrabotany:main/spearsubspacecraft": {
    "criteria": {
      "ebt_trigger": "2024-08-16 07:27:44 +0800"
    },
    "done": true
  },
  "minecraft:recipes/decorations/jungle_fence": {
    "criteria": {
      "has_planks": "2024-08-16 02:10:11 +0800"
    },
    "done": true
  },
  "minecraft:end/kill_dragon": {
    "criteria": {
      "killed_dragon": "2024-08-16 06:09:54 +0800"
    },
    "done": true
  },
  "extrabotany:main/herrscherdefeat": {
    "criteria": {
      "ebt_trigger": "2024-08-16 07:15:53 +0800"
    },
    "done": true
  },
  "minecraft:recipes/tools/diamond_pickaxe": {
    "criteria": {
      "has_diamond": "2024-01-10 15:43:45 +0800"
    },
    "done": true
  },
  "minecraft:recipes/building_blocks/red_nether_brick": {
    "criteria": {
      "has_nether_wart": "2024-08-16 02:22:18 +0800"
    },
    "done": true
  },
  "extrabotany:main/failnaughtcraft": {
    "criteria": {
      "ebt_trigger": "2024-08-16 04:48:11 +0800"
    },
    "done": true
  },
  "minecraft:adventure/kill_all_mobs": {
    "criteria": {
      "zombie_pigman": "2024-08-16 08:29:37 +0800",
      "wither_skeleton": "2024-08-16 04:23:28 +0800",
      "zombie_villager": "2024-01-10 23:56:22 +0800",
      "polar_bear": "2024-09-17 01:07:22 +0800",
      "skeleton": "2024-01-10 15:44:53 +0800",
      "blaze": "2024-08-16 01:15:57 +0800",
      "zombie": "2024-01-10 15:44:20 +0800",
      "witch": "2024-01-10 15:45:01 +0800",
      "guardian": "2024-09-17 19:34:23 +0800",
      "spider": "2024-01-10 15:45:39 +0800",
      "ghast": "2024-08-16 02:17:03 +0800",
      "creeper": "2024-01-10 15:44:15 +0800",
      "enderman": "2024-01-10 15:53:56 +0800"
    },
    "done": false
  },
  "botania:main/corporea_craft": {
    "criteria": {
      "funnel": "2024-01-10 16:41:20 +0800"
    },
    "done": true
  },
  "minecraft:recipes/misc/ender_eye": {
    "criteria": {
      "has_blaze_powder": "2024-01-11 01:05:09 +0800"
    },
    "done": true
  },
  "minecraft:recipes/redstone/redstone_block": {
    "criteria": {
      "has_at_least_9_redstone": "2024-01-10 18:32:14 +0800"
    },
    "done": true
  },
  "minecraft:recipes/decorations/yellow_banner": {
    "criteria": {
      "has_yellow_wool": "2024-08-15 08:30:41 +0800"
    },
    "done": true
  },
  "minecraft:recipes/building_blocks/lime_stained_glass": {
    "criteria": {
      "has_glass": "2024-01-10 19:06:10 +0800"
    },
    "done": true
  },
  "minecraft:recipes/decorations/pink_stained_glass_pane": {
    "criteria": {
      "has_glass": "2024-01-10 19:06:10 +0800"
    },
    "done": true
  },
  "enderiomachines:basics/sagmill/a_powder_coating": {
    "criteria": {
      "inv_changed-enderio:item_material": "2024-08-17 10:16:13 +0800"
    },
    "done": true
  },
  "minecraft:recipes/misc/light_gray_dye_from_azure_bluet": {
    "criteria": {
      "has_red_flower": "2024-01-10 15:16:39 +0800"
    },
    "done": true
  },
  "minecraft:recipes/decorations/brown_bed": {
    "criteria": {
      "has_brown_wool": "2024-09-17 19:37:16 +0800"
    },
    "done": true
  },
  "twilightforest:alt/entities/bighorn_sheep": {
    "criteria": {
      "slay": "2024-09-17 19:37:15 +0800"
    },
    "done": true
  },
  "minecraft:recipes/building_blocks/green_stained_hardened_clay": {
    "criteria": {
      "has_hardened_clay": "2024-08-18 10:08:59 +0800"
    },
    "done": true
  },
  "extrabotany:main/endgamegoal": {
    "criteria": {
      "ebt_trigger": "2024-08-16 07:15:53 +0800"
    },
    "done": true
  },
  "extrabotany:main/magicfingerget": {
    "criteria": {
      "ebt_trigger": "2024-08-16 06:16:26 +0800"
    },
    "done": true
  },
  "minecraft:recipes/building_blocks/gray_stained_hardened_clay": {
    "criteria": {
      "has_hardened_clay": "2024-08-18 10:08:59 +0800"
    },
    "done": true
  },
  "astralsorcery:craft_t2_altar": {
    "criteria": {
      "altar_craft_t2_altar": "2024-09-09 23:31:52 +0800"
    },
    "done": true
  },
  "buildcraftcore:root": {
    "criteria": {
      "has_stick": "2024-01-10 15:14:48 +0800"
    },
    "done": true
  },
  "minecraft:recipes/decorations/yellow_bed": {
    "criteria": {
      "has_yellow_wool": "2024-08-15 08:30:41 +0800"
    },
    "done": true
  },
  "twilightforest:alt/entities/raven": {
    "criteria": {
      "hurt": "2024-09-17 19:37:17 +0800"
    },
    "done": true
  },
  "minecraft:recipes/building_blocks/light_blue_stained_glass": {
    "criteria": {
      "has_glass": "2024-01-10 19:06:10 +0800"
    },
    "done": true
  },
  "minecraft:recipes/building_blocks/brick_block": {
    "criteria": {
      "has_brick": "2024-01-11 12:43:14 +0800"
    },
    "done": true
  },
  "minecraft:recipes/building_blocks/orange_concrete_powder": {
    "criteria": {
      "has_sand": "2024-01-10 16:41:49 +0800"
    },
    "done": true
  },
  "minecraft:recipes/decorations/blue_stained_glass_pane": {
    "criteria": {
      "has_glass": "2024-01-10 19:06:10 +0800"
    },
    "done": true
  },
  "twilightforest:alt/treasures/magic_trees": {
    "criteria": {
      "0": "2024-08-23 07:23:30 +0800"
    },
    "done": true
  },
  "twilightforest:alt/treasures/tree_of_time": {
    "criteria": {
      "leaves": "2024-08-23 07:23:30 +0800"
    },
    "done": true
  },
  "immersiveengineering:main/multiblock_blastfurnace": {
    "criteria": {
      "form_blastfurnace": "2024-08-18 10:56:02 +0800"
    },
    "done": true
  },
  "minecraft:recipes/misc/cyan_dye": {
    "criteria": {
      "has_lapis": "2024-01-10 18:15:40 +0800"
    },
    "done": true
  },
  "minecraft:recipes/brewing/blaze_powder": {
    "criteria": {
      "has_blaze_rod": "2024-08-16 02:19:43 +0800"
    },
    "done": true
  },
  "minecraft:end/root": {
    "criteria": {
      "entered_end": "2024-08-16 06:06:51 +0800"
    },
    "done": true
  },
  "enderiomachines:basics/goal/1_all_simple_get": {
    "criteria": {
      "inv_changed-enderio:block_simple_sag_mill": "2024-08-17 07:50:26 +0800",
      "inv_changed-enderio:block_simple_stirling_generator": "2024-08-16 04:12:06 +0800",
      "inv_changed-enderio:block_simple_alloy_smelter": "2024-08-17 07:48:04 +0800"
    },
    "done": true
  },
  "minecraft:recipes/building_blocks/black_wool": {
    "criteria": {
      "has_white_wool": "2024-08-15 08:29:18 +0800"
    },
    "done": true
  },
  "minecraft:recipes/combat/golden_chestplate": {
    "criteria": {
      "has_gold_ingot": "2024-01-11 00:50:49 +0800"
    },
    "done": true
  },
  "twilightforest:alt/treasures/tree_of_sorting": {
    "criteria": {
      "sapling": "2024-08-23 07:26:27 +0800"
    },
    "done": true
  },
  "extrabotany:main/manabuffercraft": {
    "criteria": {
      "ebt_trigger": "2024-08-14 06:38:20 +0800"
    },
    "done": true
  },
  "twilightforest:alt/compat/ie_shaders": {
    "criteria": {
      "ie_shader_bag": "2024-08-16 04:24:33 +0800"
    },
    "done": true
  },
  "minecraft:recipes/building_blocks/yellow_stained_hardened_clay": {
    "criteria": {
      "has_hardened_clay": "2024-08-18 10:08:59 +0800"
    },
    "done": true
  },
  "minecraft:recipes/misc/magenta_dye_from_lapis_red_pink": {
    "criteria": {
      "has_lapis": "2024-01-10 18:15:40 +0800"
    },
    "done": true
  },
  "minecraft:recipes/brewing/glass_bottle": {
    "criteria": {
      "has_glass": "2024-01-10 19:06:10 +0800"
    },
    "done": true
  },
  "extrabotany:main/armorsetcos": {
    "criteria": {
      "ebt_trigger": "2024-08-16 06:34:52 +0800"
    },
    "done": true
  },
  "twilightforest:alt/treasures/tree_of_transformation": {
    "criteria": {
      "log": "2024-08-23 10:43:46 +0800"
    },
    "done": true
  },
  "minecraft:recipes/decorations/light_blue_stained_glass_pane": {
    "criteria": {
      "has_glass": "2024-01-10 19:06:10 +0800"
    },
    "done": true
  },
  "botania:main/crafting_halo_craft": {
    "criteria": {
      "pool": "2024-08-16 01:10:56 +0800"
    },
    "done": true
  },
  "minecraft:nether/create_beacon": {
    "criteria": {
      "beacon": "2024-08-16 04:02:58 +0800"
    },
    "done": true
  },
  "minecraft:recipes/misc/light_gray_dye_from_gray_bonemeal": {
    "criteria": {
      "has_bonemeal": "2024-01-11 13:30:56 +0800"
    },
    "done": true
  },
  "minecraft:recipes/misc/leather": {
    "criteria": {
      "has_rabbit_hide": "2024-09-17 01:07:03 +0800"
    },
    "done": true
  },
  "twilightforest:alt/treasures/foods/vension": {
    "criteria": {
      "raw": "2024-09-17 19:37:22 +0800"
    },
    "done": true
  },
  "minecraft:recipes/building_blocks/iron_block": {
    "criteria": {
      "has_at_least_9_iron_ingot": "2024-01-10 19:34:58 +0800"
    },
    "done": true
  },
  "minecraft:recipes/building_blocks/quartz_slab": {
    "criteria": {
      "has_quartz_block": "2024-01-11 12:59:45 +0800"
    },
    "done": true
  },
  "minecraft:recipes/misc/red_dye_from_poppy": {
    "criteria": {
      "has_red_flower": "2024-01-10 15:16:37 +0800"
    },
    "done": true
  },
  "minecraft:recipes/redstone/wooden_pressure_plate": {
    "criteria": {
      "has_planks": "2024-01-10 15:09:53 +0800"
    },
    "done": true
  },
  "extrabotany:main/manadriverget": {
    "criteria": {
      "ebt_trigger": "2024-08-16 04:30:48 +0800"
    },
    "done": true
  },
  "enderio:start/1_infinity_powder_get": {
    "criteria": {
      "inv_changed-enderio:item_material": "2024-08-16 07:54:34 +0800"
    },
    "done": true
  },
  "enderio:gears/g4_energized_gear": {
    "criteria": {
      "inv_changed-enderio:item_material": "2024-08-18 06:00:27 +0800"
    },
    "done": true
  },
  "minecraft:recipes/misc/yellow_dye_from_dandelion": {
    "criteria": {
      "has_yellow_flower": "2024-01-10 15:16:25 +0800"
    },
    "done": true
  },
  "minecraft:recipes/building_blocks/clay": {
    "criteria": {
      "has_clay_ball": "2024-01-11 12:41:36 +0800"
    },
    "done": true
  },
  "minecraft:recipes/building_blocks/green_stained_glass": {
    "criteria": {
      "has_glass": "2024-01-10 19:06:10 +0800"
    },
    "done": true
  },
  "minecraft:recipes/building_blocks/light_blue_wool": {
    "criteria": {
      "has_white_wool": "2024-08-15 08:29:18 +0800"
    },
    "done": true
  },
  "minecraft:recipes/redstone/wooden_button": {
    "criteria": {
      "has_planks": "2024-01-10 15:09:53 +0800"
    },
    "done": true
  },
  "minecraft:recipes/combat/wooden_sword": {
    "criteria": {
      "has_stick": "2024-01-10 15:14:48 +0800"
    },
    "done": true
  },
  "minecraft:recipes/building_blocks/oak_planks": {
    "criteria": {
      "has_log": "2024-01-10 15:04:25 +0800"
    },
    "done": true
  },
  "minecraft:recipes/building_blocks/gray_concrete_powder": {
    "criteria": {
      "has_sand": "2024-01-10 16:41:49 +0800"
    },
    "done": true
  },
  "botania:main/root": {
    "criteria": {
      "flower": "2024-01-10 15:19:06 +0800"
    },
    "done": true
  },
  "minecraft:recipes/transportation/golden_rail": {
    "criteria": {
      "has_rail": "2024-08-15 03:04:37 +0800"
    },
    "done": true
  },
  "minecraft:recipes/building_blocks/bookshelf": {
    "criteria": {
      "has_book": "2024-08-16 02:11:05 +0800"
    },
    "done": true
  },
  "minecraft:recipes/decorations/fence": {
    "criteria": {
      "has_planks": "2024-01-10 15:09:53 +0800"
    },
    "done": true
  },
  "minecraft:recipes/tools/golden_axe": {
    "criteria": {
      "has_gold_ingot": "2024-01-11 00:50:49 +0800"
    },
    "done": true
  },
  "minecraft:recipes/tools/iron_axe": {
    "criteria": {
      "has_iron_ingot": "2024-01-10 15:21:38 +0800"
    },
    "done": true
  },
  "minecraft:recipes/building_blocks/glowstone": {
    "criteria": {
      "has_glowstone_dust": "2024-01-11 11:36:45 +0800"
    },
    "done": true
  },
  "minecraft:recipes/building_blocks/sea_lantern": {
    "criteria": {
      "has_prismarine_crystals": "2024-08-18 09:43:31 +0800"
    },
    "done": true
  },
  "minecraft:recipes/building_blocks/jungle_planks": {
    "criteria": {
      "has_log": "2024-01-13 15:28:43 +0800"
    },
    "done": true
  },
  "minecraft:recipes/decorations/black_banner": {
    "criteria": {
      "has_black_wool": "2024-08-15 08:30:34 +0800"
    },
    "done": true
  },
  "minecraft:recipes/redstone/tripwire_hook": {
    "criteria": {
      "has_string": "2024-01-10 15:45:40 +0800"
    },
    "done": true
  },
  "minecraft:recipes/combat/iron_boots": {
    "criteria": {
      "has_iron_ingot": "2024-01-10 15:21:38 +0800"
    },
    "done": true
  },
  "minecraft:recipes/building_blocks/chiseled_quartz_block": {
    "criteria": {
      "has_quartz_block": "2024-01-11 12:59:45 +0800"
    },
    "done": true
  },
  "minecraft:recipes/building_blocks/blue_stained_hardened_clay": {
    "criteria": {
      "has_hardened_clay": "2024-08-18 10:08:59 +0800"
    },
    "done": true
  },
  "minecraft:recipes/building_blocks/birch_planks": {
    "criteria": {
      "has_log": "2024-01-10 16:41:33 +0800"
    },
    "done": true
  },
  "botania:main/gaia_guardian_kill": {
    "criteria": {
      "guardian": "2024-08-16 04:24:04 +0800"
    },
    "done": true
  },
  "minecraft:recipes/misc/bone_meal_from_bone": {
    "criteria": {
      "has_bone": "2024-01-10 15:45:30 +0800"
    },
    "done": true
  },
  "minecraft:recipes/building_blocks/black_concrete_powder": {
    "criteria": {
      "has_sand": "2024-01-10 16:41:49 +0800"
    },
    "done": true
  },
  "minecraft:story/iron_tools": {
    "criteria": {
      "iron_pickaxe": "2024-01-10 15:22:33 +0800"
    },
    "done": true
  },
  "minecraft:recipes/building_blocks/spruce_wooden_slab": {
    "criteria": {
      "has_planks": "2024-08-14 07:21:34 +0800"
    },
    "done": true
  },
  "minecraft:recipes/redstone/birch_fence_gate": {
    "criteria": {
      "has_planks": "2024-01-11 13:08:01 +0800"
    },
    "done": true
  },
  "minecraft:recipes/redstone/stone_button": {
    "criteria": {
      "has_stone": "2024-01-10 15:59:35 +0800"
    },
    "done": true
  },
  "minecraft:recipes/combat/iron_chestplate": {
    "criteria": {
      "has_iron_ingot": "2024-01-10 15:21:38 +0800"
    },
    "done": true
  },
  "minecraft:recipes/building_blocks/yellow_wool": {
    "criteria": {
      "has_white_wool": "2024-08-15 08:29:18 +0800"
    },
    "done": true
  },
  "minecraft:recipes/building_blocks/prismarine_bricks": {
    "criteria": {
      "has_prismarine_shard": "2024-08-18 09:43:08 +0800"
    },
    "done": true
  },
  "minecraft:recipes/redstone/noteblock": {
    "criteria": {
      "has_redstone": "2024-01-10 15:45:22 +0800"
    },
    "done": true
  },
  "minecraft:recipes/building_blocks/red_concrete_powder": {
    "criteria": {
      "has_sand": "2024-01-10 16:41:49 +0800"
    },
    "done": true
  },
  "extrabotany:main/ultimatehammercraft": {
    "criteria": {
      "ebt_trigger": "2024-08-16 06:38:28 +0800"
    },
    "done": true
  },
  "enderioconduits:fluid/2_fluid_conduit_pressurized": {
    "criteria": {
      "inv_changed-enderio:liquid_conduit_pressurized": "2024-08-18 05:29:50 +0800"
    },
    "done": true
  },
  "minecraft:adventure/kill_a_mob": {
    "criteria": {
      "creeper": "2024-01-10 15:44:15 +0800"
    },
    "done": true
  },
  "enderiomachines:basics/sagmill/4_brown": {
    "criteria": {
      "inv_changed-enderio:item_material": "2024-08-18 05:55:44 +0800"
    },
    "done": true
  },
  "minecraft:recipes/tools/golden_pickaxe": {
    "criteria": {
      "has_gold_ingot": "2024-01-11 00:50:49 +0800"
    },
    "done": true
  },
  "extrabotany:main/natureorbcraft": {
    "criteria": {
      "ebt_trigger": "2024-08-16 03:19:07 +0800"
    },
    "done": true
  },
  "enderioconduits:start/2_conduit_binder": {
    "criteria": {
      "inv_changed-enderio:conduit_binder": "2024-08-18 05:13:53 +0800"
    },
    "done": true
  },
  "astralsorcery:rock_crystals": {
    "criteria": {
      "rock_crystal_in_inventory": "2024-09-09 22:49:55 +0800"
    },
    "done": true
  },
  "minecraft:recipes/redstone/sticky_piston": {
    "criteria": {
      "has_slime_ball": "2024-01-10 21:10:38 +0800"
    },
    "done": true
  },
  "minecraft:recipes/brewing/magma_cream": {
    "criteria": {
      "has_blaze_powder": "2024-01-11 01:05:09 +0800"
    },
    "done": true
  },
  "extrabotany:main/root": {
    "criteria": {
      "ebt_trigger": "2024-01-11 00:16:29 +0800"
    },
    "done": true
  },
  "minecraft:recipes/misc/gray_dye": {
    "criteria": {
      "has_bonemeal": "2024-01-11 13:30:56 +0800"
    },
    "done": true
  },
  "minecraft:adventure/adventuring_time": {
    "criteria": {
      "plains": "2024-01-09 01:03:15 +0800"
    },
    "done": false
  },
  "minecraft:recipes/building_blocks/birch_wooden_slab": {
    "criteria": {
      "has_planks": "2024-01-11 13:08:01 +0800"
    },
    "done": true
  },
  "minecraft:recipes/misc/book": {
    "criteria": {
      "has_paper": "2024-08-18 10:12:08 +0800"
    },
    "done": true
  },
  "minecraft:recipes/building_blocks/purpur_slab": {
    "criteria": {
      "has_purpur_block": "2024-01-11 13:06:41 +0800"
    },
    "done": true
  },
  "enderioconduits:fluid/1_fluid_conduit": {
    "criteria": {
      "inv_changed-enderio:liquid_conduit": "2024-08-14 08:47:42 +0800"
    },
    "done": true
  },
  "minecraft:recipes/combat/stone_sword": {
    "criteria": {
      "has_cobblestone": "2024-01-10 15:08:15 +0800"
    },
    "done": true
  },
  "minecraft:recipes/decorations/cobblestone_wall": {
    "criteria": {
      "has_cobblestone": "2024-01-10 15:08:15 +0800"
    },
    "done": true
  },
  "minecraft:recipes/brewing/fermented_spider_eye": {
    "criteria": {
      "has_spider_eye": "2024-01-10 15:54:06 +0800"
    },
    "done": true
  },
  "minecraft:recipes/tools/stone_pickaxe": {
    "criteria": {
      "has_cobblestone": "2024-01-10 15:08:15 +0800"
    },
    "done": true
  },
  "enderiomachines:basics/alloy/machine_chassis_get": {
    "criteria": {
      "inv_changed-enderio:block_machine_chassis": "2024-08-17 10:17:40 +0800"
    },
    "done": true
  },
  "minecraft:recipes/building_blocks/orange_stained_hardened_clay": {
    "criteria": {
      "has_hardened_clay": "2024-08-18 10:08:59 +0800"
    },
    "done": true
  },
  "buildcraftlib:recipes/guide_book": {
    "criteria": {
      "has_paper": "2024-08-18 10:12:08 +0800"
    },
    "done": true
  },
  "minecraft:husbandry/plant_seed": {
    "criteria": {
      "wheat": "2024-01-10 15:18:15 +0800"
    },
    "done": true
  },
  "minecraft:recipes/redstone/stone_pressure_plate": {
    "criteria": {
      "has_stone": "2024-01-10 15:59:35 +0800"
    },
    "done": true
  },
  "minecraft:recipes/building_blocks/brown_stained_glass": {
    "criteria": {
      "has_glass": "2024-01-10 19:06:10 +0800"
    },
    "done": true
  },
  "minecraft:recipes/transportation/boat": {
    "criteria": {
      "entered_water": "2024-01-09 01:03:27 +0800"
    },
    "done": true
  },
  "minecraft:recipes/misc/purple_dye": {
    "criteria": {
      "has_lapis": "2024-01-10 18:15:40 +0800"
    },
    "done": true
  },
  "minecraft:recipes/combat/leather_boots": {
    "criteria": {
      "has_leather": "2024-08-16 05:59:05 +0800"
    },
    "done": true
  },
  "minecraft:recipes/misc/red_dye_from_tulip": {
    "criteria": {
      "has_red_flower": "2024-01-10 15:16:46 +0800"
    },
    "done": true
  },
  "botania:main/bauble_wear": {
    "criteria": {
      "code_triggered": "2024-01-10 19:38:13 +0800"
    },
    "done": true
  },
  "appliedenergistics2:main/root": {
    "criteria": {
      "certus": "2024-01-10 18:32:57 +0800"
    },
    "done": true
  },
  "minecraft:recipes/building_blocks/brown_stained_hardened_clay": {
    "criteria": {
      "has_hardened_clay": "2024-08-18 10:08:59 +0800"
    },
    "done": true
  },
  "minecraft:recipes/misc/orange_dye_from_orange_tulip": {
    "criteria": {
      "has_red_flower": "2024-01-10 15:17:23 +0800"
    },
    "done": true
  },
  "minecraft:recipes/building_blocks/light_gray_stained_glass": {
    "criteria": {
      "has_glass": "2024-01-10 19:06:10 +0800"
    },
    "done": true
  },
  "minecraft:end/dragon_egg": {
    "criteria": {
      "dragon_egg": "2024-08-16 06:10:34 +0800"
    },
    "done": true
  },
  "minecraft:recipes/decorations/brown_carpet": {
    "criteria": {
      "has_brown_wool": "2024-09-17 19:37:16 +0800"
    },
    "done": true
  },
  "minecraft:recipes/building_blocks/diamond_block": {
    "criteria": {
      "has_at_least_9_diamond": "2024-01-10 21:31:20 +0800"
    },
    "done": true
  },
  "immersiveengineering:main/place_conveyor": {
    "criteria": {
      "place_conveyor": "2024-08-21 03:08:40 +0800"
    },
    "done": true
  },
  "botania:challenge/thor_ring": {
    "criteria": {
      "ring": "2024-08-16 05:03:43 +0800"
    },
    "done": true
  },
  "minecraft:recipes/decorations/red_stained_glass_pane": {
    "criteria": {
      "has_glass": "2024-01-10 19:06:10 +0800"
    },
    "done": true
  },
  "minecraft:recipes/decorations/flower_pot": {
    "criteria": {
      "has_brick": "2024-01-11 12:43:14 +0800"
    },
    "done": true
  },
  "minecraft:recipes/building_blocks/lapis_block": {
    "criteria": {
      "has_at_least_9_lapis": "2024-01-10 19:23:09 +0800"
    },
    "done": true
  },
  "minecraft:recipes/decorations/yellow_carpet": {
    "criteria": {
      "has_yellow_wool": "2024-08-15 08:30:41 +0800"
    },
    "done": true
  },
  "astralsorcery:find_weak_constellation": {
    "criteria": {
      "weak_constellation_discovered": "2024-09-13 00:19:18 +0800"
    },
    "done": true
  },
  "minecraft:recipes/transportation/tnt_minecart": {
    "criteria": {
      "has_minecart": "2024-08-15 02:55:37 +0800"
    },
    "done": true
  },
  "minecraft:recipes/building_blocks/melon_block": {
    "criteria": {
      "has_melon": "2024-08-16 03:28:32 +0800"
    },
    "done": true
  },
  "minecraft:recipes/food/cookie": {
    "criteria": {
      "has_cocoa": "2024-01-11 11:33:37 +0800"
    },
    "done": true
  },
  "minecraft:recipes/building_blocks/prismarine": {
    "criteria": {
      "has_prismarine_shard": "2024-08-18 09:43:08 +0800"
    },
    "done": true
  },
  "minecraft:recipes/misc/diamond": {
    "criteria": {
      "has_the_recipe": "2024-01-10 21:31:20 +0800"
    },
    "done": true
  },
  "minecraft:recipes/building_blocks/polished_diorite": {
    "criteria": {
      "has_stone": "2024-08-23 07:28:11 +0800"
    },
    "done": true
  },
  "minecraft:recipes/building_blocks/light_gray_wool": {
    "criteria": {
      "has_white_wool": "2024-08-15 08:29:18 +0800"
    },
    "done": true
  },
  "minecraft:recipes/building_blocks/purple_stained_hardened_clay": {
    "criteria": {
      "has_hardened_clay": "2024-08-18 10:08:59 +0800"
    },
    "done": true
  },
  "minecraft:recipes/misc/light_gray_dye_from_oxeye_daisy": {
    "criteria": {
      "has_red_flower": "2024-01-10 15:16:19 +0800"
    },
    "done": true
  },
  "minecraft:recipes/building_blocks/red_wool": {
    "criteria": {
      "has_white_wool": "2024-08-15 08:29:18 +0800"
    },
    "done": true
  },
  "minecraft:recipes/misc/orange_dye_from_red_yellow": {
    "criteria": {
      "has_red_dye": "2024-01-10 18:16:01 +0800"
    },
    "done": true
  },
  "minecraft:recipes/tools/stone_axe": {
    "criteria": {
      "has_cobblestone": "2024-01-10 15:08:15 +0800"
    },
    "done": true
  },
  "minecraft:recipes/misc/fire_charge": {
    "criteria": {
      "has_blaze_powder": "2024-01-11 01:05:09 +0800"
    },
    "done": true
  },
  "extrabotany:main/mastermanaringcraft": {
    "criteria": {
      "ebt_trigger": "2024-08-14 07:12:46 +0800"
    },
    "done": true
  },
  "extrabotany:main/fragmentforge": {
    "criteria": {
      "ebt_trigger": "2024-08-16 06:37:48 +0800"
    },
    "done": true
  },
  "minecraft:recipes/decorations/slime": {
    "criteria": {
      "has_at_least_9_slime_ball": "2024-01-11 12:08:38 +0800"
    },
    "done": true
  },
  "minecraft:recipes/building_blocks/purple_wool": {
    "criteria": {
      "has_white_wool": "2024-08-15 08:29:18 +0800"
    },
    "done": true
  },
  "minecraft:recipes/building_blocks/magenta_concrete_powder": {
    "criteria": {
      "has_sand": "2024-01-10 16:41:49 +0800"
    },
    "done": true
  },
  "minecraft:recipes/building_blocks/pillar_quartz_block": {
    "criteria": {
      "has_quartz_block": "2024-01-11 12:59:45 +0800"
    },
    "done": true
  },
  "minecraft:recipes/decorations/lime_carpet": {
    "criteria": {
      "has_lime_wool": "2024-08-15 08:30:43 +0800"
    },
    "done": true
  },
  "astralsorcery:attune_crystal": {
    "criteria": {
      "attune_crystal_major_weak": "2024-09-13 00:31:25 +0800"
    },
    "done": true
  },
  "minecraft:recipes/misc/writable_book": {
    "criteria": {
      "has_book": "2024-08-16 02:11:05 +0800"
    },
    "done": true
  },
  "minecraft:recipes/building_blocks/oak_wooden_slab": {
    "criteria": {
      "has_planks": "2024-01-10 15:09:53 +0800"
    },
    "done": true
  },
  "minecraft:recipes/misc/wheat": {
    "criteria": {
      "has_the_recipe": "2024-01-10 15:46:12 +0800"
    },
    "done": true
  },
  "astralsorcery:find_constellation": {
    "criteria": {
      "bright_constellation_discovered": "2024-09-12 22:58:27 +0800"
    },
    "done": true
  },
  "minecraft:recipes/decorations/white_bed": {
    "criteria": {
      "has_white_wool": "2024-08-15 08:29:18 +0800"
    },
    "done": true
  },
  "minecraft:recipes/decorations/lime_banner": {
    "criteria": {
      "has_lime_wool": "2024-08-15 08:30:43 +0800"
    },
    "done": true
  },
  "minecraft:recipes/transportation/furnace_minecart": {
    "criteria": {
      "has_minecart": "2024-08-15 02:55:37 +0800"
    },
    "done": true
  },
  "minecraft:nether/root": {
    "criteria": {
      "entered_nether": "2024-08-16 02:16:52 +0800"
    },
    "done": true
  },
  "extrabotany:main/excalibercraft": {
    "criteria": {
      "ebt_trigger": "2024-08-16 06:55:53 +0800"
    },
    "done": true
  },
  "botania:main/dirt_rod_craft": {
    "criteria": {
      "dirtrod": "2024-01-11 12:40:00 +0800"
    },
    "done": true
  },
  "minecraft:recipes/building_blocks/dark_prismarine": {
    "criteria": {
      "has_prismarine_shard": "2024-08-18 09:43:08 +0800"
    },
    "done": true
  },
  "minecraft:recipes/redstone/redstone": {
    "criteria": {
      "has_redstone_block": "2024-01-10 18:30:31 +0800"
    },
    "done": true
  },
  "minecraft:recipes/tools/golden_hoe": {
    "criteria": {
      "has_gold_ingot": "2024-01-11 00:50:49 +0800"
    },
    "done": true
  },
  "minecraft:recipes/food/bread": {
    "criteria": {
      "has_wheat": "2024-01-10 15:46:05 +0800"
    },
    "done": true
  },
  "botania:main/brew_pickup": {
    "criteria": {
      "flask": "2024-08-16 03:29:53 +0800"
    },
    "done": true
  },
  "minecraft:recipes/redstone/trapdoor": {
    "criteria": {
      "has_planks": "2024-01-10 15:09:53 +0800"
    },
    "done": true
  },
  "minecraft:recipes/decorations/lime_stained_glass_pane": {
    "criteria": {
      "has_glass": "2024-01-10 19:06:10 +0800"
    },
    "done": true
  },
  "minecraft:recipes/misc/iron_nugget": {
    "criteria": {
      "has_iron_ingot": "2024-01-10 15:21:38 +0800"
    },
    "done": true
  },
  "minecraft:recipes/transportation/hopper_minecart": {
    "criteria": {
      "has_minecart": "2024-08-15 02:55:37 +0800"
    },
    "done": true
  },
  "minecraft:recipes/building_blocks/brown_concrete_powder": {
    "criteria": {
      "has_sand": "2024-01-10 16:41:49 +0800"
    },
    "done": true
  },
  "botania:main/manaweave_armor_craft": {
    "criteria": {
      "head": "2024-08-16 03:01:29 +0800",
      "feet": "2024-08-16 03:01:29 +0800",
      "chest": "2024-08-16 03:01:29 +0800",
      "legs": "2024-08-16 03:01:29 +0800"
    },
    "done": true
  },
  "minecraft:recipes/combat/diamond_sword": {
    "criteria": {
      "has_diamond": "2024-01-10 15:43:45 +0800"
    },
    "done": true
  },
  "minecraft:recipes/decorations/cyan_stained_glass_pane": {
    "criteria": {
      "has_glass": "2024-01-10 19:06:10 +0800"
    },
    "done": true
  },
  "extrabotany:main/ringset": {
    "criteria": {
      "19": "2024-01-10 19:38:11 +0800",
      "6": "2024-08-16 05:03:43 +0800",
      "7": "2024-08-16 05:27:56 +0800",
      "zombie": "2024-08-14 07:12:46 +0800",
      "8": "2024-08-16 05:06:12 +0800",
      "9": "2024-08-16 04:53:47 +0800"
    },
    "done": false
  },
  "enderiomachines:basics/alloy/1_alloy_smelter_get": {
    "criteria": {
      "inv_changed-enderio:block_simple_alloy_smelter": "2024-08-17 07:48:04 +0800"
    },
    "done": true
  },
  "minecraft:recipes/building_blocks/blue_stained_glass": {
    "criteria": {
      "has_glass": "2024-01-10 19:06:10 +0800"
    },
    "done": true
  },
  "minecraft:recipes/building_blocks/cyan_wool": {
    "criteria": {
      "has_white_wool": "2024-08-15 08:29:18 +0800"
    },
    "done": true
  },
  "minecraft:recipes/decorations/sign": {
    "criteria": {
      "has_planks": "2024-01-10 15:09:53 +0800"
    },
    "done": true
  },
  "minecraft:recipes/transportation/spruce_boat": {
    "criteria": {
      "entered_water": "2024-01-09 01:03:27 +0800"
    },
    "done": true
  },
  "minecraft:recipes/decorations/jukebox": {
    "criteria": {
      "has_diamond": "2024-01-10 15:43:45 +0800"
    },
    "done": true
  },
  "minecraft:recipes/building_blocks/diorite": {
    "criteria": {
      "has_quartz": "2024-01-11 12:58:43 +0800"
    },
    "done": true
  },
  "minecraft:recipes/tools/flint_and_steel": {
    "criteria": {
      "has_flint": "2024-01-11 01:01:22 +0800"
    },
    "done": true
  },
  "minecraft:recipes/misc/red_dye_from_beetroot": {
    "criteria": {
      "has_beetroot": "2024-08-23 10:33:22 +0800"
    },
    "done": true
  },
  "minecraft:recipes/food/mushroom_stew": {
    "criteria": {
      "has_bowl": "2024-01-10 15:56:31 +0800"
    },
    "done": true
  },
  "botania:challenge/flugel_eye": {
    "criteria": {
      "eye": "2024-08-16 04:27:15 +0800"
    },
    "done": true
  },
  "extrabotany:main/nightmarefueleating": {
    "criteria": {
      "ebt_trigger": "2024-08-16 05:27:13 +0800"
    },
    "done": true
  },
  "minecraft:recipes/building_blocks/gray_wool": {
    "criteria": {
      "has_white_wool": "2024-08-15 08:29:18 +0800"
    },
    "done": true
  },
  "botania:main/elf_portal_open": {
    "criteria": {
      "portal": "2024-08-16 02:54:36 +0800"
    },
    "done": true
  },
  "minecraft:recipes/misc/gold_nugget": {
    "criteria": {
      "has_gold_ingot": "2024-01-11 00:50:49 +0800"
    },
    "done": true
  },
  "minecraft:husbandry/balanced_diet": {
    "criteria": {
      "chorus_fruit": "2024-08-16 07:48:44 +0800",
      "apple": "2024-01-10 15:16:03 +0800",
      "carrot": "2024-08-16 04:58:55 +0800"
    },
    "done": false
  },
  "minecraft:recipes/tools/wooden_hoe": {
    "criteria": {
      "has_stick": "2024-01-10 15:14:48 +0800"
    },
    "done": true
  },
  "enderioconduits:redstone/1_redstone_conduit": {
    "criteria": {
      "inv_changed-enderio:redstone_conduit": "2024-08-15 13:14:01 +0800"
    },
    "done": true
  },
  "minecraft:recipes/misc/bucket": {
    "criteria": {
      "has_iron_ingot": "2024-01-10 15:21:38 +0800"
    },
    "done": true
  },
  "botania:main/mana_blaster_shoot": {
    "criteria": {
      "shoot": "2024-08-16 03:32:50 +0800"
    },
    "done": true
  },
  "minecraft:recipes/decorations/orange_stained_glass_pane": {
    "criteria": {
      "has_glass": "2024-01-10 19:06:10 +0800"
    },
    "done": true
  },
  "enderiomachines:basics/sagmill/9_white": {
    "criteria": {
      "inv_changed-enderio:item_material": "2024-08-17 10:08:43 +0800"
    },
    "done": true
  },
  "twilightforest:arborist": {
    "criteria": {
      "trans_sapling": "2024-08-23 10:46:30 +0800",
      "time_sapling": "2024-08-23 10:46:25 +0800",
      "trans_log": "2024-08-23 10:43:46 +0800",
      "thorn_leaves": "2024-08-23 07:23:30 +0800",
      "beanstalk_leaves": "2024-08-23 10:53:01 +0800",
      "rainbow_oak_sapling": "2024-08-23 10:46:26 +0800",
      "rainbow_oak_leaves": "2024-08-23 10:52:39 +0800",
      "trans_leaves": "2024-08-23 10:51:27 +0800",
      "twilight_oak_log": "2024-08-23 10:41:07 +0800",
      "dark_log": "2024-08-23 10:42:48 +0800",
      "sort_log": "2024-08-23 10:40:47 +0800",
      "mine_sapling": "2024-08-23 07:27:01 +0800",
      "canopy_log": "2024-01-13 15:29:00 +0800",
      "dark_sapling": "2024-08-23 10:45:01 +0800",
      "twilight_oak_leaves": "2024-08-23 10:51:54 +0800",
      "sort_sapling": "2024-08-23 07:26:27 +0800",
      "canopy_leaves": "2024-01-13 15:28:34 +0800",
      "dark_leaves": "2024-08-23 10:52:20 +0800",
      "mine_leaves": "2024-08-23 10:51:28 +0800",
      "canopy_sapling": "2024-01-13 15:25:02 +0800",
      "twilight_oak_sapling": "2024-08-23 07:26:32 +0800",
      "robust_oak_sapling": "2024-08-23 10:44:44 +0800",
      "mangrove_sapling": "2024-08-23 10:45:00 +0800",
      "sort_leaves": "2024-08-23 10:50:58 +0800",
      "time_log": "2024-08-23 10:42:51 +0800",
      "mangrove_leaves": "2024-08-23 10:51:29 +0800",
      "mine_log": "2024-08-23 10:43:47 +0800",
      "mangrove_log": "2024-08-23 10:42:47 +0800",
      "time_leaves": "2024-08-23 07:23:30 +0800"
    },
    "done": false
  },
  "minecraft:recipes/decorations/white_banner": {
    "criteria": {
      "has_white_wool": "2024-08-15 08:29:18 +0800"
    },
    "done": true
  },
  "minecraft:recipes/building_blocks/light_blue_concrete_powder": {
    "criteria": {
      "has_sand": "2024-01-10 16:41:49 +0800"
    },
    "done": true
  },
  "minecraft:recipes/decorations/mossy_cobblestone_wall": {
    "criteria": {
      "has_mossy_cobblestone": "2024-08-16 02:09:32 +0800"
    },
    "done": true
  },
  "astralsorcery:attune_self": {
    "criteria": {
      "attune_self_major": "2024-09-13 00:17:49 +0800"
    },
    "done": true
  },
  "twilightforest:alt/compat/tconstruct": {
    "criteria": {
      "book": "2024-01-09 01:03:15 +0800"
    },
    "done": true
  },
  "minecraft:recipes/building_blocks/hay_block": {
    "criteria": {
      "has_at_least_9_wheat": "2024-01-10 15:46:12 +0800"
    },
    "done": true
  },
  "minecraft:recipes/decorations/lime_bed": {
    "criteria": {
      "has_lime_wool": "2024-08-15 08:30:43 +0800"
    },
    "done": true
  },
  "minecraft:recipes/combat/iron_helmet": {
    "criteria": {
      "has_iron_ingot": "2024-01-10 15:21:38 +0800"
    },
    "done": true
  },
  "minecraft:recipes/tools/golden_shovel": {
    "criteria": {
      "has_gold_ingot": "2024-01-11 00:50:49 +0800"
    },
    "done": true
  },
  "minecraft:recipes/combat/bow": {
    "criteria": {
      "has_string": "2024-01-10 15:45:40 +0800"
    },
    "done": true
  },
  "minecraft:recipes/redstone/tnt": {
    "criteria": {
      "has_gunpowder": "2024-01-10 15:44:49 +0800"
    },
    "done": true
  },
  "minecraft:nether/get_wither_skull": {
    "criteria": {
      "wither_skull": "2024-08-16 07:02:49 +0800"
    },
    "done": true
  },
  "minecraft:recipes/decorations/black_stained_glass_pane": {
    "criteria": {
      "has_glass": "2024-01-10 19:06:10 +0800"
    },
    "done": true
  },
  "minecraft:recipes/building_blocks/smooth_sandstone": {
    "criteria": {
      "has_sandstone": "2024-01-11 11:50:59 +0800"
    },
    "done": true
  },
  "minecraft:recipes/building_blocks/granite": {
    "criteria": {
      "has_quartz": "2024-01-11 12:58:43 +0800"
    },
    "done": true
  },
  "minecraft:recipes/building_blocks/purple_concrete_powder": {
    "criteria": {
      "has_sand": "2024-01-10 16:41:49 +0800"
    },
    "done": true
  },
  "botania:main/terrasteel_pickup": {
    "criteria": {
      "terrasteel": "2024-08-16 02:41:05 +0800"
    },
    "done": true
  },
  "minecraft:husbandry/bred_all_animals": {
    "criteria": {
      "bred_chicken": "2024-08-16 02:27:26 +0800"
    },
    "done": false
  },
  "astralsorcery:craft_t3_altar": {
    "criteria": {
      "altar_craft_t3_altar": "2024-09-10 13:04:27 +0800"
    },
    "done": true
  },
  "minecraft:recipes/combat/diamond_chestplate": {
    "criteria": {
      "has_diamond": "2024-01-10 15:43:45 +0800"
    },
    "done": true
  },
  "minecraft:story/mine_stone": {
    "criteria": {
      "get_stone": "2024-01-10 15:08:15 +0800"
    },
    "done": true
  },
  "twilightforest:alt/entities/animals": {
    "criteria": {
      "0": "2024-09-17 19:37:15 +0800"
    },
    "done": true
  },
  "minecraft:recipes/decorations/furnace": {
    "criteria": {
      "has_cobblestone": "2024-01-10 15:08:15 +0800"
    },
    "done": true
  },
  "minecraft:recipes/transportation/minecart": {
    "criteria": {
      "has_iron_ingot": "2024-01-10 15:21:38 +0800"
    },
    "done": true
  },
  "minecraft:recipes/food/beetroot_soup": {
    "criteria": {
      "has_beetroot": "2024-08-23 10:33:22 +0800"
    },
    "done": true
  },
  "minecraft:recipes/decorations/green_stained_glass_pane": {
    "criteria": {
      "has_glass": "2024-01-10 19:06:10 +0800"
    },
    "done": true
  },
  "minecraft:recipes/building_blocks/orange_wool": {
    "criteria": {
      "has_white_wool": "2024-08-15 08:29:18 +0800"
    },
    "done": true
  },
  "minecraft:recipes/tools/wooden_pickaxe": {
    "criteria": {
      "has_stick": "2024-01-10 15:14:48 +0800"
    },
    "done": true
  },
  "minecraft:recipes/tools/iron_hoe": {
    "criteria": {
      "has_iron_ingot": "2024-01-10 15:21:38 +0800"
    },
    "done": true
  },
  "extrabotany:main/pedestalcraft": {
    "criteria": {
      "ebt_trigger": "2024-08-16 03:13:09 +0800"
    },
    "done": true
  },
  "minecraft:husbandry/root": {
    "criteria": {
      "consumed_item": "2024-01-10 15:16:03 +0800"
    },
    "done": true
  },
  "minecraft:recipes/redstone/redstone_torch": {
    "criteria": {
      "has_redstone": "2024-01-10 15:45:22 +0800"
    },
    "done": true
  },
  "minecraft:recipes/building_blocks/stone_brick_slab": {
    "criteria": {
      "has_stonebrick": "2024-01-11 12:34:57 +0800"
    },
    "done": true
  },
  "minecraft:recipes/transportation/birch_boat": {
    "criteria": {
      "entered_water": "2024-01-09 01:03:27 +0800"
    },
    "done": true
  },
  "enderioconduits:goals/all_conduits": {
    "criteria": {
      "inv_changed-enderio:power_conduit_enhanced2": "2024-08-18 05:35:48 +0800",
      "inv_changed-enderio:power_conduit_ender2": "2024-08-14 06:23:34 +0800",
      "inv_changed-enderio:liquid_conduit2": "2024-08-18 05:18:31 +0800",
      "inv_changed-enderio:liquid_conduit_pressurized2": "2024-08-18 05:29:50 +0800",
      "inv_changed-enderio:redstone_conduit2": "2024-08-15 13:14:01 +0800",
      "inv_changed-enderio:power_conduit2": "2024-08-15 13:49:00 +0800",
      "inv_changed-enderio:item_conduit2": "2024-08-14 08:01:14 +0800",
      "inv_changed-enderio:liquid_conduit_ender2": "2024-08-14 08:47:42 +0800"
    },
    "done": true
  },
  "minecraft:recipes/food/golden_apple": {
    "criteria": {
      "has_gold_ingot": "2024-01-11 00:50:49 +0800"
    },
    "done": true
  },
  "minecraft:recipes/building_blocks/green_concrete_powder": {
    "criteria": {
      "has_sand": "2024-01-10 16:41:49 +0800"
    },
    "done": true
  },
  "minecraft:recipes/decorations/enchanting_table": {
    "criteria": {
      "has_obsidian": "2024-08-16 02:07:23 +0800"
    },
    "done": true
  },
  "minecraft:recipes/misc/light_gray_dye_from_ink_bonemeal": {
    "criteria": {
      "has_bonemeal": "2024-01-11 13:30:56 +0800"
    },
    "done": true
  },
  "enderiomachines:basics/sagmill/7_black": {
    "criteria": {
      "inv_changed-enderio:item_material": "2024-08-17 10:16:08 +0800"
    },
    "done": true
  },
  "minecraft:recipes/tools/iron_shovel": {
    "criteria": {
      "has_iron_ingot": "2024-01-10 15:21:38 +0800"
    },
    "done": true
  },
  "immersiveengineering:main/multiblock_crusher": {
    "criteria": {
      "form_blastfurnace": "2024-08-18 12:47:42 +0800"
    },
    "done": true
  },
  "minecraft:recipes/building_blocks/orange_stained_glass": {
    "criteria": {
      "has_glass": "2024-01-10 19:06:10 +0800"
    },
    "done": true
  },
  "minecraft:recipes/misc/bowl": {
    "criteria": {
      "has_the_recipe": "2024-01-10 15:56:31 +0800"
    },
    "done": true
  },
  "minecraft:recipes/decorations/item_frame": {
    "criteria": {
      "has_leather": "2024-08-16 05:59:05 +0800"
    },
    "done": true
  },
  "minecraft:recipes/tools/stone_hoe": {
    "criteria": {
      "has_cobblestone": "2024-01-10 15:08:15 +0800"
    },
    "done": true
  },
  "minecraft:recipes/tools/clock": {
    "criteria": {
      "has_redstone": "2024-01-10 15:45:22 +0800"
    },
    "done": true
  },
  "botania:main/functional_flower": {
    "criteria": {
      "code_triggered": "2024-01-10 17:45:07 +0800"
    },
    "done": true
  },
  "minecraft:recipes/decorations/spruce_fence": {
    "criteria": {
      "has_planks": "2024-08-14 07:21:34 +0800"
    },
    "done": true
  },
  "minecraft:recipes/tools/diamond_hoe": {
    "criteria": {
      "has_diamond": "2024-01-10 15:43:45 +0800"
    },
    "done": true
  },
  "minecraft:recipes/combat/spectral_arrow": {
    "criteria": {
      "has_glowstone_dust": "2024-01-11 11:36:45 +0800"
    },
    "done": true
  },
  "minecraft:recipes/transportation/activator_rail": {
    "criteria": {
      "has_rail": "2024-08-15 03:04:37 +0800"
    },
    "done": true
  },
  "minecraft:recipes/decorations/white_stained_glass_pane": {
    "criteria": {
      "has_glass": "2024-01-10 19:06:10 +0800"
    },
    "done": true
  },
  "minecraft:recipes/tools/diamond_shovel": {
    "criteria": {
      "has_diamond": "2024-01-10 15:43:45 +0800"
    },
    "done": true
  },
  "immersiveengineering:main/craft_workbench": {
    "criteria": {
      "craft_hammer": "2024-08-18 11:18:05 +0800"
    },
    "done": true
  },
  "minecraft:story/enter_the_nether": {
    "criteria": {
      "entered_nether": "2024-08-16 02:16:52 +0800"
    },
    "done": true
  },
  "minecraft:recipes/decorations/end_crystal": {
    "criteria": {
      "has_ender_eye": "2024-08-16 02:51:13 +0800"
    },
    "done": true
  },
  "enderiomachines:basics/alloy/2_energetic_alloy_get": {
    "criteria": {
      "inv_changed-enderio:item_energetic_alloy": "2024-08-17 10:43:26 +0800"
    },
    "done": true
  },
  "minecraft:recipes/decorations/white_carpet": {
    "criteria": {
      "has_white_wool": "2024-08-15 08:29:18 +0800"
    },
    "done": true
  },
  "minecraft:recipes/decorations/ender_chest": {
    "criteria": {
      "has_ender_eye": "2024-08-16 02:51:13 +0800"
    },
    "done": true
  },
  "minecraft:recipes/building_blocks/spruce_stairs": {
    "criteria": {
      "has_planks": "2024-08-14 07:21:34 +0800"
    },
    "done": true
  },
  "minecraft:recipes/building_blocks/red_sandstone_slab": {
    "criteria": {
      "has_red_sandstone": "2024-08-23 07:29:44 +0800"
    },
    "done": true
  },
  "minecraft:recipes/redstone/birch_door": {
    "criteria": {
      "has_planks": "2024-01-11 13:08:01 +0800"
    },
    "done": true
  },
  "minecraft:recipes/decorations/glass_pane": {
    "criteria": {
      "has_glass": "2024-01-10 19:06:10 +0800"
    },
    "done": true
  },
  "enderiomachines:basics/sagmill/6_coal": {
    "criteria": {
      "inv_changed-enderio:item_material": "2024-08-17 09:59:52 +0800"
    },
    "done": true
  },
  "minecraft:recipes/misc/gold_ingot_from_nuggets": {
    "criteria": {
      "has_at_least_9_gold_nugget": "2024-01-11 00:50:50 +0800"
    },
    "done": true
  },
  "minecraft:recipes/misc/lapis_lazuli": {
    "criteria": {
      "has_the_recipe": "2024-01-10 19:23:09 +0800"
    },
    "done": true
  },
  "minecraft:recipes/building_blocks/magenta_stained_glass": {
    "criteria": {
      "has_glass": "2024-01-10 19:06:10 +0800"
    },
    "done": true
  },
  "minecraft:story/mine_diamond": {
    "criteria": {
      "diamond": "2024-01-10 15:43:45 +0800"
    },
    "done": true
  },
  "minecraft:recipes/combat/diamond_helmet": {
    "criteria": {
      "has_diamond": "2024-01-10 15:43:45 +0800"
    },
    "done": true
  },
  "minecraft:recipes/decorations/anvil": {
    "criteria": {
      "has_iron_block": "2024-01-11 12:25:02 +0800"
    },
    "done": true
  },
  "minecraft:recipes/misc/pink_dye_from_pink_tulip": {
    "criteria": {
      "has_red_flower": "2024-01-10 15:17:05 +0800"
    },
    "done": true
  },
  "minecraft:recipes/decorations/birch_fence": {
    "criteria": {
      "has_planks": "2024-01-11 13:08:01 +0800"
    },
    "done": true
  },
  "minecraft:recipes/building_blocks/cyan_concrete_powder": {
    "criteria": {
      "has_sand": "2024-01-10 16:41:49 +0800"
    },
    "done": true
  },
  "minecraft:recipes/misc/gold_ingot_from_block": {
    "criteria": {
      "has_the_recipe": "2024-01-11 01:08:35 +0800"
    },
    "done": true
  },
  "minecraft:recipes/building_blocks/stone_brick_stairs": {
    "criteria": {
      "has_stonebrick": "2024-01-11 12:34:57 +0800"
    },
    "done": true
  },
  "minecraft:recipes/combat/golden_boots": {
    "criteria": {
      "has_gold_ingot": "2024-01-11 00:50:49 +0800"
    },
    "done": true
  },
  "minecraft:recipes/tools/wooden_axe": {
    "criteria": {
      "has_stick": "2024-01-10 15:14:48 +0800"
    },
    "done": true
  },
  "minecraft:recipes/building_blocks/lime_wool": {
    "criteria": {
      "has_white_wool": "2024-08-15 08:29:18 +0800"
    },
    "done": true
  },
  "botania:main/terrasteel_weapon_craft": {
    "criteria": {
      "terrablade": "2024-08-16 05:57:12 +0800"
    },
    "done": true
  },
  "minecraft:recipes/misc/paper": {
    "criteria": {
      "has_reeds": "2024-01-11 13:32:03 +0800"
    },
    "done": true
  },
  "minecraft:recipes/misc/magenta_dye_from_lapis_ink_bonemeal": {
    "criteria": {
      "has_lapis": "2024-01-10 18:15:40 +0800"
    },
    "done": true
  },
  "minecraft:recipes/misc/pink_dye_from_peony": {
    "criteria": {
      "has_double_plant": "2024-08-23 07:26:10 +0800"
    },
    "done": true
  },
  "botania:challenge/king_key": {
    "criteria": {
      "key": "2024-08-16 04:59:09 +0800"
    },
    "done": true
  },
  "minecraft:recipes/misc/light_blue_dye_from_lapis_bonemeal": {
    "criteria": {
      "has_lapis": "2024-01-10 18:15:40 +0800"
    },
    "done": true
  },
  "minecraft:recipes/building_blocks/green_wool": {
    "criteria": {
      "has_white_wool": "2024-08-15 08:29:18 +0800"
    },
    "done": true
  },
  "minecraft:recipes/tools/diamond_axe": {
    "criteria": {
      "has_diamond": "2024-01-10 15:43:45 +0800"
    },
    "done": true
  },
  "minecraft:recipes/building_blocks/brown_wool": {
    "criteria": {
      "has_white_wool": "2024-08-15 08:29:18 +0800"
    },
    "done": true
  },
  "minecraft:nether/find_fortress": {
    "criteria": {
      "fortress": "2024-08-16 02:19:28 +0800"
    },
    "done": true
  },
  "astralsorcery:celestial_crystals": {
    "criteria": {
      "rock_crystal_in_inventory": "2024-09-10 19:11:51 +0800"
    },
    "done": true
  },
  "minecraft:recipes/building_blocks/end_bricks": {
    "criteria": {
      "has_end_stone": "2024-01-11 00:59:06 +0800"
    },
    "done": true
  },
  "minecraft:recipes/decorations/painting": {
    "criteria": {
      "has_wool": "2024-08-15 08:29:18 +0800"
    },
    "done": true
  },
  "extrabotany:main/buddhistrelics": {
    "criteria": {
      "ebt_trigger": "2024-08-16 07:28:02 +0800"
    },
    "done": true
  },
  "minecraft:recipes/building_blocks/white_stained_glass": {
    "criteria": {
      "has_glass": "2024-01-10 19:06:10 +0800"
    },
    "done": true
  },
  "botania:main/rune_pickup": {
    "criteria": {
      "rune": "2024-01-11 01:11:19 +0800"
    },
    "done": true
  },
  "botania:main/flower_pickup": {
    "criteria": {
      "flower": "2024-01-10 15:19:06 +0800"
    },
    "done": true
  },
  "bonsaitrees:root": {
    "criteria": {
      "bonsaipot_in_inventory": "2024-01-10 16:35:02 +0800"
    },
    "done": true
  },
  "minecraft:recipes/building_blocks/stone_slab": {
    "criteria": {
      "has_stone": "2024-01-10 15:59:35 +0800"
    },
    "done": true
  },
  "minecraft:recipes/combat/arrow": {
    "criteria": {
      "has_flint": "2024-01-11 01:01:22 +0800"
    },
    "done": true
  },
  "minecraft:recipes/decorations/black_carpet": {
    "criteria": {
      "has_black_wool": "2024-08-15 08:30:34 +0800"
    },
    "done": true
  },
  "minecraft:recipes/building_blocks/coal_block": {
    "criteria": {
      "has_at_least_9_coal": "2024-01-10 17:58:31 +0800"
    },
    "done": true
  },
  "enderiomachines:root": {
    "criteria": {
      "inv_changed-enderio:block_machine_chassis_root": "2024-08-17 10:17:40 +0800"
    },
    "done": true
  },
  "botania:main/mana_pool_pickup": {
    "criteria": {
      "pool": "2024-01-10 16:51:25 +0800"
    },
    "done": true
  },
  "minecraft:recipes/redstone/light_weighted_pressure_plate": {
    "criteria": {
      "has_gold_ingot": "2024-01-11 00:50:49 +0800"
    },
    "done": true
  },
  "minecraft:recipes/decorations/snow_layer": {
    "criteria": {
      "has_snowball": "2024-01-11 11:53:23 +0800"
    },
    "done": true
  },
  "enderio:gears/g5_vibrant_gear": {
    "criteria": {
      "inv_changed-enderio:item_material": "2024-08-17 12:39:34 +0800"
    },
    "done": true
  },
  "minecraft:recipes/tools/stone_shovel": {
    "criteria": {
      "has_cobblestone": "2024-01-10 15:08:15 +0800"
    },
    "done": true
  },
  "minecraft:recipes/decorations/yellow_stained_glass_pane": {
    "criteria": {
      "has_glass": "2024-01-10 19:06:10 +0800"
    },
    "done": true
  },
  "minecraft:recipes/building_blocks/blue_concrete_powder": {
    "criteria": {
      "has_sand": "2024-01-10 16:41:49 +0800"
    },
    "done": true
  },
  "minecraft:recipes/building_blocks/cyan_stained_glass": {
    "criteria": {
      "has_glass": "2024-01-10 19:06:10 +0800"
    },
    "done": true
  },
  "minecraft:recipes/building_blocks/light_blue_stained_hardened_clay": {
    "criteria": {
      "has_hardened_clay": "2024-08-18 10:08:59 +0800"
    },
    "done": true
  },
  "minecraft:recipes/building_blocks/cyan_stained_hardened_clay": {
    "criteria": {
      "has_hardened_clay": "2024-08-18 10:08:59 +0800"
    },
    "done": true
  },
  "minecraft:recipes/building_blocks/andesite": {
    "criteria": {
      "has_stone": "2024-08-23 07:28:11 +0800"
    },
    "done": true
  },
  "minecraft:recipes/combat/golden_helmet": {
    "criteria": {
      "has_gold_ingot": "2024-01-11 00:50:49 +0800"
    },
    "done": true
  },
  "minecraft:recipes/tools/lead": {
    "criteria": {
      "has_slime_ball": "2024-01-10 21:10:38 +0800"
    },
    "done": true
  },
  "minecraft:recipes/building_blocks/jungle_wooden_slab": {
    "criteria": {
      "has_planks": "2024-08-16 02:10:11 +0800"
    },
    "done": true
  },
  "minecraft:recipes/building_blocks/smooth_red_sandstone": {
    "criteria": {
      "has_red_sandstone": "2024-08-23 07:29:44 +0800"
    },
    "done": true
  },
  "enderioconduits:energy/1_energy_conduit": {
    "criteria": {
      "inv_changed-enderio:power_conduit": "2024-08-14 06:23:34 +0800"
    },
    "done": true
  },
  "twilightforest:alt/treasures/tree_of_mining": {
    "criteria": {
      "sapling": "2024-08-23 07:27:01 +0800"
    },
    "done": true
  },
  "botania:challenge/loki_ring": {
    "criteria": {
      "ring": "2024-08-16 04:53:47 +0800"
    },
    "done": true
  },
  "minecraft:story/root": {
    "criteria": {
      "crafting_table": "2024-01-10 15:08:46 +0800"
    },
    "done": true
  },
  "enderioconduits:energy/3_energy_conduit_ender": {
    "criteria": {
      "inv_changed-enderio:power_conduit_ender": "2024-08-14 06:23:34 +0800"
    },
    "done": true
  },
  "minecraft:recipes/misc/slime_ball": {
    "criteria": {
      "has_the_recipe": "2024-01-11 12:08:38 +0800"
    },
    "done": true
  },
  "minecraft:recipes/redstone/dropper": {
    "criteria": {
      "has_redstone": "2024-01-10 15:45:22 +0800"
    },
    "done": true
  },
  "extrabotany:main/gaiadefeat": {
    "criteria": {
      "ebt_trigger": "2024-08-16 04:30:48 +0800"
    },
    "done": true
  },
  "minecraft:recipes/misc/coal": {
    "criteria": {
      "has_the_recipe": "2024-01-10 17:58:31 +0800"
    },
    "done": true
  },
  "minecraft:story/form_obsidian": {
    "criteria": {
      "obsidian": "2024-08-16 02:07:23 +0800"
    },
    "done": true
  },
  "minecraft:recipes/building_blocks/magma": {
    "criteria": {
      "has_the_recipe": "2024-01-11 13:29:09 +0800"
    },
    "done": true
  },
  "enderiomachines:basics/stirling/1_stirling_generator_get": {
    "criteria": {
      "inv_changed-enderio:block_simple_stirling_generator": "2024-08-16 04:12:06 +0800"
    },
    "done": true
  },
  "minecraft:recipes/brewing/brewing_stand": {
    "criteria": {
      "has_blaze_rod": "2024-08-16 02:19:43 +0800"
    },
    "done": true
  },
  "minecraft:recipes/building_blocks/string_to_wool": {
    "criteria": {
      "has_string": "2024-01-10 15:45:40 +0800"
    },
    "done": true
  },
  "enderio:gears/g2_stone_gear": {
    "criteria": {
      "inv_changed-enderio:item_material": "2024-08-17 07:06:22 +0800"
    },
    "done": true
  },
  "minecraft:recipes/combat/leather_chestplate": {
    "criteria": {
      "has_leather": "2024-08-16 05:59:05 +0800"
    },
    "done": true
  },
  "minecraft:end/enter_end_gateway": {
    "criteria": {
      "entered_end_gateway": "2024-08-17 07:56:12 +0800"
    },
    "done": true
  },
  "minecraft:recipes/building_blocks/acacia_planks": {
    "criteria": {
      "has_log2": "2024-08-15 00:11:53 +0800"
    },
    "done": true
  },
  "minecraft:recipes/tools/compass": {
    "criteria": {
      "has_redstone": "2024-01-10 15:45:22 +0800"
    },
    "done": true
  },
  "minecraft:recipes/redstone/repeater": {
    "criteria": {
      "has_redstone_torch": "2024-01-10 17:56:02 +0800"
    },
    "done": true
  },
  "botania:main/lexicon_use": {
    "criteria": {
      "use_lexicon": "2024-01-10 17:56:57 +0800"
    },
    "done": true
  },
  "twilightforest:alt/entities/wild_boar": {
    "criteria": {
      "slay": "2024-09-17 19:37:17 +0800"
    },
    "done": true
  },
  "twilightforest:alt/entities/deer": {
    "criteria": {
      "hurt": "2024-09-17 19:37:21 +0800"
    },
    "done": true
  },
  "extrabotany:main/coregodcraft": {
    "criteria": {
      "ebt_trigger": "2024-08-16 06:16:26 +0800"
    },
    "done": true
  },
  "minecraft:nether/obtain_blaze_rod": {
    "criteria": {
      "blaze_rod": "2024-08-16 02:19:43 +0800"
    },
    "done": true
  },
  "minecraft:recipes/building_blocks/polished_andesite": {
    "criteria": {
      "has_stone": "2024-01-09 01:25:16 +0800"
    },
    "done": true
  },
  "minecraft:recipes/building_blocks/quartz_block": {
    "criteria": {
      "has_quartz": "2024-01-11 12:58:43 +0800"
    },
    "done": true
  },
  "immersiveengineering:main/root": {
    "criteria": {
      "hold_manual": "2024-08-18 09:48:42 +0800"
    },
    "done": true
  },
  "twilightforest:alt/treasures/foods/any": {
    "criteria": {
      "3": "2024-09-17 19:37:22 +0800"
    },
    "done": true
  },
  "buildcraftfactory:recipes/water_gel_spawn": {
    "criteria": {
      "has_sand": "2024-01-10 16:41:49 +0800"
    },
    "done": true
  },
  "minecraft:recipes/redstone/iron_door": {
    "criteria": {
      "has_iron_ingot": "2024-01-10 15:21:38 +0800"
    },
    "done": true
  },
  "enderiomachines:basics/sagmill/8_blue": {
    "criteria": {
      "inv_changed-enderio:item_material": "2024-08-17 10:14:49 +0800"
    },
    "done": true
  },
  "minecraft:recipes/building_blocks/purpur_block": {
    "criteria": {
      "has_chorus_fruit_popped": "2024-01-11 11:32:48 +0800"
    },
    "done": true
  },
  "minecraft:recipes/building_blocks/pink_stained_hardened_clay": {
    "criteria": {
      "has_hardened_clay": "2024-08-18 10:08:59 +0800"
    },
    "done": true
  },
  "immersiveengineering:main/multiblock_metalpress": {
    "criteria": {
      "form_blastfurnace": "2024-08-21 03:08:50 +0800"
    },
    "done": true
  },
  "immersiveengineering:main/craft_hammer": {
    "criteria": {
      "craft_hammer": "2024-08-18 09:49:55 +0800"
    },
    "done": true
  },
  "minecraft:recipes/decorations/nether_brick_fence": {
    "criteria": {
      "has_nether_brick": "2024-08-16 07:37:50 +0800"
    },
    "done": true
  },
  "enderiomachines:basics/sagmill/5_green": {
    "criteria": {
      "inv_changed-enderio:item_material": "2024-08-17 10:14:39 +0800"
    },
    "done": true
  },
  "botania:main/spark_craft": {
    "criteria": {
      "spark": "2024-01-10 18:00:49 +0800"
    },
    "done": true
  },
  "minecraft:recipes/misc/magenta_dye_from_allium": {
    "criteria": {
      "has_red_flower": "2024-08-16 06:16:14 +0800"
    },
    "done": true
  },
  "minecraft:recipes/transportation/jungle_boat": {
    "criteria": {
      "entered_water": "2024-01-09 01:03:27 +0800"
    },
    "done": true
  },
  "minecraft:adventure/shoot_arrow": {
    "criteria": {
      "shot_arrow": "2024-08-16 04:19:45 +0800"
    },
    "done": true
  },
  "minecraft:recipes/building_blocks/magenta_stained_hardened_clay": {
    "criteria": {
      "has_hardened_clay": "2024-08-18 10:08:59 +0800"
    },
    "done": true
  },
  "minecraft:recipes/building_blocks/birch_stairs": {
    "criteria": {
      "has_planks": "2024-01-11 13:08:01 +0800"
    },
    "done": true
  },
  "minecraft:recipes/building_blocks/jungle_stairs": {
    "criteria": {
      "has_planks": "2024-08-16 02:10:11 +0800"
    },
    "done": true
  },
  "immersiveengineering:main/craft_heater": {
    "criteria": {
      "craft_hammer": "2024-08-18 11:05:48 +0800"
    },
    "done": true
  },
  "extrabotany:main/newknowledgeunlock": {
    "criteria": {
      "ebt_trigger": "2024-08-17 10:59:20 +0800"
    },
    "done": true
  },
  "minecraft:recipes/redstone/heavy_weighted_pressure_plate": {
    "criteria": {
      "has_iron_ingot": "2024-01-10 15:21:38 +0800"
    },
    "done": true
  },
  "minecraft:recipes/transportation/dark_oak_boat": {
    "criteria": {
      "entered_water": "2024-01-09 01:03:27 +0800"
    },
    "done": true
  },
  "minecraft:recipes/transportation/carrot_on_a_stick": {
    "criteria": {
      "has_carrot": "2024-01-10 15:16:46 +0800"
    },
    "done": true
  },
  "minecraft:recipes/food/pumpkin_pie": {
    "criteria": {
      "has_pumpkin": "2024-01-11 11:34:18 +0800"
    },
    "done": true
  },
  "minecraft:recipes/redstone/daylight_detector": {
    "criteria": {
      "has_quartz": "2024-01-11 12:58:43 +0800"
    },
    "done": true
  },
  "minecraft:recipes/building_blocks/purpur_pillar": {
    "criteria": {
      "has_purpur_block": "2024-01-11 13:06:41 +0800"
    },
    "done": true
  },
  "bonsaitrees:grow": {
    "criteria": {
      "finished_growing_a_bonsai_tree": "2024-01-10 16:37:23 +0800"
    },
    "done": true
  },
  "minecraft:recipes/decorations/end_rod": {
    "criteria": {
      "has_chorus_fruit_popped": "2024-01-11 11:32:48 +0800"
    },
    "done": true
  },
  "minecraft:recipes/building_blocks/pink_wool": {
    "criteria": {
      "has_white_wool": "2024-08-15 08:29:18 +0800"
    },
    "done": true
  },
  "minecraft:recipes/redstone/jungle_door": {
    "criteria": {
      "has_planks": "2024-08-16 02:10:11 +0800"
    },
    "done": true
  },
  "minecraft:recipes/building_blocks/nether_brick_stairs": {
    "criteria": {
      "has_nether_brick": "2024-08-16 07:37:50 +0800"
    },
    "done": true
  },
  "minecraft:story/enter_the_end": {
    "criteria": {
      "entered_end": "2024-08-16 06:06:51 +0800"
    },
    "done": true
  },
  "minecraft:recipes/building_blocks/lit_pumpkin": {
    "criteria": {
      "has_pumpkin": "2024-01-11 11:34:18 +0800"
    },
    "done": true
  },
  "minecraft:recipes/building_blocks/polished_granite": {
    "criteria": {
      "has_stone": "2024-08-15 05:26:01 +0800"
    },
    "done": true
  },
  "minecraft:recipes/redstone/jungle_fence_gate": {
    "criteria": {
      "has_planks": "2024-08-16 02:10:11 +0800"
    },
    "done": true
  },
  "minecraft:husbandry/breed_an_animal": {
    "criteria": {
      "bred_chicken": "2024-08-16 02:27:26 +0800"
    },
    "done": true
  },
  "minecraft:recipes/building_blocks/stonebrick": {
    "criteria": {
      "has_stone": "2024-01-10 15:59:35 +0800"
    },
    "done": true
  },
  "enderioconduits:goals/all_filters": {
    "criteria": {
      "inv_changed-enderio:item_big_item_filter2": "2024-08-15 00:46:13 +0800",
      "inv_changed-enderio:item_powered_item_filter2": "2024-08-15 00:45:58 +0800",
      "inv_changed-enderio:item_mod_item_filter2": "2024-08-15 00:46:27 +0800",
      "inv_changed-enderio:item_advanced_item_filter2": "2024-08-15 00:46:02 +0800",
      "inv_changed-enderio:item_existing_item_filter2": "2024-08-15 00:46:18 +0800",
      "inv_changed-enderio:item_basic_item_filter2": "2024-08-15 00:46:10 +0800"
    },
    "done": false
  },
  "minecraft:recipes/redstone/piston": {
    "criteria": {
      "has_redstone": "2024-01-10 15:45:22 +0800"
    },
    "done": true
  },
  "minecraft:recipes/combat/golden_leggings": {
    "criteria": {
      "has_gold_ingot": "2024-01-11 00:50:49 +0800"
    },
    "done": true
  },
  "enderio:root": {
    "criteria": {
      "location": "2024-08-22 00:52:09 +0800"
    },
    "done": true
  },
  "minecraft:recipes/building_blocks/stone_stairs": {
    "criteria": {
      "has_cobblestone": "2024-01-10 15:08:15 +0800"
    },
    "done": true
  },
  "minecraft:recipes/building_blocks/chiseled_red_sandstone": {
    "criteria": {
      "has_red_sandstone": "2024-08-23 07:29:44 +0800"
    },
    "done": true
  },
  "immersiveengineering:main/multiblock_improvedblastfurnace": {
    "criteria": {
      "form_blastfurnace": "2024-08-18 11:09:49 +0800"
    },
    "done": true
  },
  "extrabotany:main/ultimatehammerupgrade": {
    "criteria": {
      "ebt_trigger": "2024-08-16 06:39:23 +0800"
    },
    "done": true
  },
  "minecraft:recipes/transportation/rail": {
    "criteria": {
      "has_minecart": "2024-08-15 02:55:37 +0800"
    },
    "done": true
  },
  "minecraft:recipes/decorations/brown_stained_glass_pane": {
    "criteria": {
      "has_glass": "2024-01-10 19:06:10 +0800"
    },
    "done": true
  },
  "minecraft:recipes/building_blocks/light_gray_stained_hardened_clay": {
    "criteria": {
      "has_hardened_clay": "2024-08-18 10:08:59 +0800"
    },
    "done": true
  },
  "minecraft:recipes/combat/diamond_boots": {
    "criteria": {
      "has_diamond": "2024-01-10 15:43:45 +0800"
    },
    "done": true
  },
  "enderio:start/2_simple_chassis_get": {
    "criteria": {
      "inv_changed-enderio:item_material": "2024-08-17 07:46:09 +0800"
    },
    "done": true
  },
  "minecraft:recipes/building_blocks/nether_brick": {
    "criteria": {
      "has_netherbrick": "2024-08-16 02:29:46 +0800"
    },
    "done": true
  },
  "minecraft:story/smelt_iron": {
    "criteria": {
      "iron": "2024-01-10 15:21:38 +0800"
    },
    "done": true
  },
  "minecraft:recipes/redstone/wooden_door": {
    "criteria": {
      "has_planks": "2024-01-10 15:09:53 +0800"
    },
    "done": true
  },
  "minecraft:recipes/building_blocks/chiseled_stonebrick": {
    "criteria": {
      "has_stonebrick": "2024-01-11 12:34:57 +0800"
    },
    "done": true
  },
  "minecraft:recipes/building_blocks/pink_stained_glass": {
    "criteria": {
      "has_glass": "2024-01-10 19:06:10 +0800"
    },
    "done": true
  },
  "minecraft:recipes/decorations/light_gray_stained_glass_pane": {
    "criteria": {
      "has_glass": "2024-01-10 19:06:10 +0800"
    },
    "done": true
  },
  "enderioconduits:fluid/3_fluid_conduit_ender": {
    "criteria": {
      "inv_changed-enderio:liquid_conduit_ender": "2024-08-14 08:47:42 +0800"
    },
    "done": true
  }
}