{"stat.pickup.extrabotany.combatmaidchest":5,"stat.beaconInteraction":2,"stat.useItem.minecraft.bow":1,"stat.pickup.minecraft.wooden_slab":27,"stat.leaveGame":18,"stat.useItem.tconstruct.wooden_hopper":8,"stat.craftItem.thermalfoundation.wrench":1,"stat.craftItem.minecraft.ender_eye":66,"stat.craftItem.redstonearsenal.armor.legs_flux":1,"stat.craftItem.botania.quartz":8,"stat.mineBlock.embers.ember_gauge":9,"stat.craftItem.embers.bin":1,"stat.pickup.minecraft.rotten_flesh":151,"stat.craftItem.actuallyadditions.item_phantom_connector":1,"stat.useItem.embers.pipe":2,"stat.mineBlock.embers.pump":3,"stat.craftItem.redstonearsenal.material":64,"stat.pickup.sc.compresseddiamondgrinder":1,"stat.killEntity.Enderman":5,"stat.mineBlock.minecraft.wooden_slab":27,"stat.craftItem.embers.reactor":1,"stat.pickup.enderio.item_broken_spawner":3,"stat.killEntity.Witch":3,"stat.pickup.minecraft.mob_spawner":1,"stat.mineBlock.openblocks.trophy":4,"stat.drop.botania.auraringgreater":1,"stat.pickup.botania.auraringgreater":1,"stat.craftItem.actuallyadditions.block_phantomface":64,"stat.mineBlock.tconstruct.clear_glass":12,"stat.pickup.embers.bin":2,"stat.pickup.extrautils2.lawsword":4,"stat.mineBlock.minecraft.hopper":6,"stat.useItem.botanicbonsai.botanic_bonsai_pot":78,"stat.pickup.thermalfoundation.material":781,"stat.pickup.botania.thornchakram":7,"stat.craftItem.embers.beam_cannon":1,"stat.killEntity.pink_slime":1,"stat.pickup.extrabotany.buddhistrelics":3,"stat.mineBlock.enderio.block_enhanced_alloy_smelter":1,"stat.pickup.embers.ember_injector":1,"stat.pickup.chisel.stonebrick":41,"stat.pickup.industrialforegoing.tree_fluid_extractor":3,"stat.pickup.randomthings.slimecube":1,"stat.craftItem.actuallyadditions.item_battery":2,"stat.pickup.actuallyadditions.block_testifi_bucks_white_wall":15,"stat.useItem.minecraft.trapdoor":4,"stat.pickup.actuallyadditions.item_crystal":257,"stat.useItem.minecraft.dark_oak_door":6,"stat.pickup.botania.rune":17,"stat.useItem.minecraft.flint_and_steel":1,"stat.mineBlock.thermalexpansion.tank":37,"stat.pickup.minecraft.emerald":8,"stat.useItem.botania.twigwand":1,"stat.pickup.extrabotany.combatmaidhelm":4,"stat.mineBlock.enderstorage.ender_storage":58,"stat.deaths":47,"stat.pickup.minecraft.egg":1,"stat.pickup.thermalexpansion.tank":37,"stat.pickup.enderio.item_liquid_conduit":24,"stat.pickup.extrautils2.ironwood_log":128,"stat.drop.minecraft.iron_ingot":1,"stat.craftItem.embers.ashen_cloak_head":1,"stat.killEntity.thermalfoundation.blitz":23,"stat.mineBlock.thermalexpansion.machine":5,"stat.chestOpened":50,"stat.craftItem.minecraft.sign":96,"stat.pickup.immersiveengineering.material":8,"stat.useItem.minecraft.stone":206,"stat.pickup.minecraft.arrow":29,"stat.pickup.minecraft.wooden_pressure_plate":1,"stat.mineBlock.embers.block_caminite_brick":1,"stat.craftItem.minecraft.quartz_block":111,"stat.pickup.minecraft.gold_nugget":23,"stat.useItem.chisel.stonebrick":7,"stat.mineBlock.actuallyadditions.block_battery_box":1,"stat.craftItem.minecraft.coal":376,"stat.craftItem.embers.auto_hammer":2,"stat.useItem.actuallyadditions.block_crystal":4,"stat.crouchOneCm":310478,"stat.craftItem.minecraft.diamond":162,"stat.craftItem.minecraft.iron_ingot":676,"stat.killEntity.thermalfoundation.blizz":2,"stat.craftingTableInteraction":75,"stat.mineBlock.minecraft.wooden_pressure_plate":1,"stat.pickup.embers.inflictor_gem":1,"stat.craftItem.botania.flighttiara":2,"stat.drop.botania.crystalbow":2,"stat.pickup.embers.alchemy_pedestal":2,"stat.craftItem.minecraft.nether_brick":5,"stat.pickup.minecraft.dye":20,"stat.pickup.minecraft.planks":71,"stat.pickup.actuallyadditions.item_damage_lens":1,"stat.pickup.actuallyadditions.block_atomic_reconstructor":1,"stat.pickup.thermaldynamics.duct_16":3,"stat.pickup.actuallyadditions.block_display_stand":13,"stat.craftItem.actuallyadditions.block_phantom_liquiface":1,"stat.craftItem.thermaldynamics.duct_16":768,"stat.pickup.embers.wildfire_core":4,"stat.pickup.embers.alchemic_waste":5,"stat.craftItem.embers.inferno_forge":1,"stat.craftItem.embers.cinder_plinth":1,"stat.drop.minecraft.rotten_flesh":6,"stat.pickup.industrialforegoing.meat_feeder":2,"stat.pickup.tconstruct.pickaxe":4,"stat.minecartOneCm":578,"stat.pickup.naturesaura.end_flower":2,"stat.pickup.embers.beam_cannon":1,"stat.useItem.tconstruct.pickaxe":520,"stat.pickup.minecraft.hopper":8,"stat.craftItem.embers.catalyzer":1,"stat.mineBlock.industrialforegoing.black_hole_tank":1,"stat.craftItem.embers.ignition_cannon":1,"stat.mineBlock.embers.stamper_base":2,"stat.mineBlock.actuallyadditions.block_atomic_reconstructor":1,"stat.craftItem.minecraft.bucket":4,"stat.craftItem.minecraft.planks":1024,"stat.pickup.embers.ingot_dawnstone":216,"stat.mineBlock.minecraft.log":138,"stat.craftItem.redstonearsenal.armor.boots_flux":1,"stat.pickup.embers.ancient_motive_core":10,"stat.craftItem.minecraft.paper":192,"stat.killEntity.BabySkeleton":9,"stat.craftItem.thermalexpansion.frame":128,"stat.pickup.minecraft.wool":8,"stat.pickup.extrabotany.combatmaidlegs":3,"stat.useItem.minecraft.wooden_axe":10,"stat.pickup.embers.mech_core":6,"stat.useItem.thermalfoundation.tool.bow_diamond":1,"stat.useItem.thermalexpansion.reservoir":1,"stat.pickup.extrautils2.compoundbow":5,"stat.craftItem.actuallyadditions.item_crystal_empowered":1260,"stat.craftItem.embers.plate_caminite_raw":256,"stat.drop.thermalfoundation.material":2,"stat.craftItem.minecraft.wool":1,"stat.useItem.thermaldynamics.cover":16,"stat.pickup.actuallyadditions.block_laser_relay_fluids":1,"stat.craftItem.minecraft.clock":1,"stat.craftItem.thermalexpansion.augment":71,"stat.pickup.astralsorcery.itemcoloredlens":1,"stat.pickup.minecraft.glowstone":5,"stat.mineBlock.actuallyadditions.block_crystal":4,"stat.pickup.openblocks.fan":1,"stat.useItem.thermaldynamics.duct_16":16,"stat.pickup.embers.ember_relay":68,"stat.drop.minecraft.cobblestone":1,"stat.craftItem.openblocks.block_placer":1,"stat.craftItem.embers.stamper":1,"stat.pickup.sakura.shinai":1,"stat.pickup.industrialforegoing.range_addon":2,"stat.mineBlock.ironchest.iron_chest":7,"stat.useItem.minecraft.stone_slab2":3433,"stat.useItem.minecraft.mob_spawner":2,"stat.pickup.embers.stamper":3,"stat.pickup.minecraft.bow":2,"stat.craftItem.minecraft.dark_oak_door":12,"stat.craftItem.minecraft.furnace":3,"stat.craftItem.minecraft.lapis_block":192,"stat.pickup.thermalfoundation.ore":1,"stat.pickup.actuallyadditions.block_empowerer":2,"stat.drop.embers.wildfire_core":1,"stat.useItem.minecraft.egg":17,"stat.pickup.minecraft.coal_ore":817,"stat.useItem.tconstruct.clear_glass":7,"stat.pickup.embers.pipe":1,"stat.pickup.actuallyadditions.item_color_lens":1,"stat.flyOneCm":11276336,"stat.pickup.actuallyadditions.item_booklet":1,"stat.mineBlock.embers.bin":2,"stat.craftItem.botania.dye":308,"stat.craftItem.minecraft.emerald_block":404,"stat.timeSinceDeath":904253,"stat.entityKilledBy.thermalfoundation.blizz":3,"stat.useItem.minecraft.wooden_slab":23,"stat.pickup.embers.auto_hammer":3,"stat.craftItem.minecraft.iron_block":580,"stat.craftItem.extrabotany.coregod":2,"stat.craftItem.embers.brick_caminite":63,"stat.pickup.actuallyadditions.block_crystal":452,"stat.craftItem.enderio.block_painter":1,"stat.pickup.enderio.block_enderman_skull":4,"stat.pickup.thermaldynamics.duct_0":25,"stat.craftItem.embers.alchemy_pedestal":5,"stat.craftItem.bibliocraft.fancysign":64,"stat.killEntity.Creeper":16,"stat.pickup.botania.manaresource":29,"stat.pickup.minecraft.string":22,"stat.pickup.thermalexpansion.frame":21,"stat.useItem.actuallyadditions.block_display_stand":14,"stat.mineBlock.naturesaura.end_flower":1,"stat.mineBlock.embers.block_furnace":1,"stat.useItem.embers.ember_emitter":18,"stat.pickup.embers.ember_activator":1,"stat.sprintOneCm":39986,"stat.mineBlock.minecraft.stone_slab":50,"stat.useItem.embers.archaic_edge":1,"stat.pickup.cookingforblockheads.fridge":1,"stat.useItem.enderio.item_yeta_wrench":4,"stat.useItem.carryon.tile_item":148,"stat.useItem.enderstorage.ender_storage":9,"stat.craftItem.embers.item_pipe":128,"stat.useItem.minecraft.snowball":8,"stat.pickup.thermaldynamics.filter":1,"stat.craftItem.actuallyadditions.block_laser_relay_advanced":1,"stat.pickup.embers.archaic_tile":4,"stat.useItem.enderio.item_power_conduit":395,"stat.mineBlock.embers.beam_cannon":1,"stat.pickup.immersiveengineering.faraday_suit_legs":1,"stat.craftItem.minecraft.wooden_pressure_plate":9,"stat.pickup.minecraft.spawn_egg":1,"stat.pickup.minecraft.sugar":81,"stat.craftItem.minecraft.emerald":1494,"stat.useItem.tconstruct.crossbow":21,"stat.killEntity.Zombie":30,"stat.pickup.minecraft.snowball":199,"stat.craftItem.minecraft.dye":6,"stat.craftItem.embers.tinker_hammer":1,"stat.pickup.embers.crystal_ember":65,"stat.useItem.embers.block_caminite_brick":7,"stat.pickup.immersiveengineering.shader_bag":1,"stat.diveOneCm":8961,"stat.craftItem.actuallyadditions.block_giant_chest_medium":1,"stat.mineBlock.immersiveengineering.metal_device1":1,"stat.pickup.chisel.stonebrick1":55,"stat.useItem.actuallyadditions.block_misc":2,"stat.craftItem.botania.manaring":1,"stat.mineBlock.minecraft.stone_button":3,"stat.mineBlock.enderio.block_powered_spawner":1,"stat.mineBlock.embers.ember_injector":1,"stat.craftItem.extrabotany.combatmaidchest":3,"stat.craftItem.thermalexpansion.machine":6,"stat.useItem.skyresources.cactusfruit":13,"stat.jump":3094,"stat.pickup.minecraft.coal":1983,"stat.pickup.minecraft.iron_ingot":8,"stat.mineBlock.embers.alchemy_tablet":4,"stat.craftItem.minecraft.lever":1,"stat.pickup.minecraft.gunpowder":48,"stat.mineBlock.embers.pipe":1,"stat.craftItem.minecraft.torch":172,"stat.craftItem.actuallyadditions.block_crystal_empowered":67,"stat.drop.actuallyadditions.item_explosion_lens":1,"stat.pickup.embers.ember_cluster":6,"stat.damageTaken":15023,"stat.pickup.immersiveengineering.powerpack":1,"stat.pickup.extrabotany.manadriverring":1,"stat.mineBlock.minecraft.torch":17,"stat.pickup.minecraft.log2":22,"stat.pickup.embers.item_pipe":2,"stat.useItem.forge.bucketfilled":2,"stat.useItem.thermalexpansion.augment":33,"stat.mineBlock.embers.archaic_tile":4,"stat.craftItem.minecraft.stone_slab":36,"stat.craftItem.actuallyadditions.block_phantom_energyface":1,"stat.mineBlock.embers.auto_hammer":3,"stat.useItem.thermalfoundation.tool.hammer_diamond":85,"stat.mineBlock.actuallyadditions.block_empowerer":2,"stat.mineBlock.thermaldynamics.duct_16":3,"stat.useItem.storagedrawers.drawer_key":2,"stat.craftItem.mekanism.ingot":2880,"stat.drop.actuallyadditions.item_misc":1,"stat.pickup.tconstruct.clear_glass":12,"stat.craftItem.embers.caminite_lever":64,"stat.useItem.embers.mech_core":7,"stat.pickup.cookingforblockheads.cow_jar":1,"stat.useItem.extrautils2.compoundbow":4,"stat.pickup.minecraft.ender_pearl":148,"stat.pickup.embers.brick_caminite":70,"stat.craftItem.actuallyadditions.block_giant_chest_large":1,"stat.craftItem.embers.ashen_cloak_chest":1,"stat.mobKills":198,"stat.mineBlock.embers.item_pipe":2,"stat.mineBlock.tconstruct.wooden_hopper":9,"stat.pickup.minecraft.diamond":64,"stat.useItem.embers.item_pipe":27,"stat.pickup.minecraft.torch":21,"stat.useItem.thermaldynamics.servo":18,"stat.craftItem.thermalfoundation.upgrade":512,"stat.mineBlock.embers.mech_core":6,"stat.pickup.embers.inferno_forge":5,"stat.mineBlock.embers.ember_relay":4,"stat.craftItem.minecraft.compass":64,"stat.craftItem.embers.dawnstone_anvil":1,"stat.craftItem.actuallyadditions.block_display_stand":5,"stat.craftItem.actuallyadditions.block_item_viewer_hopping":1,"stat.useItem.enderio.item_item_conduit":161,"stat.useItem.randomthings.timeinabottle":237,"stat.pickup.tconstruct.book":1,"stat.useItem.sakura.shinai":4,"stat.pickup.embers.item_pump":2,"stat.pickup.tconstruct.wooden_hopper":9,"stat.mineBlock.bibliocraft.fancysign":8,"stat.mineBlock.embers.item_pump":2,"stat.drop.tconstruct.pickaxe":1,"stat.useItem.minecraft.planks":7,"stat.drop.actuallyadditions.item_color_lens":1,"stat.pickup.minecraft.glowstone_dust":3,"stat.pickup.enderstorage.ender_storage":58,"stat.pickup.embers.caminite_lever":31,"stat.useItem.thermalfoundation.ore":1,"stat.useItem.thermalfoundation.upgrade":14,"stat.mineBlock.embers.dawnstone_anvil":2,"stat.craftItem.actuallyadditions.block_atomic_reconstructor":2,"stat.useItem.minecraft.water_bucket":1,"stat.pickup.minecraft.sand":1,"stat.craftItem.mekanism.basicblock":327,"stat.drop.enderio.item_travel_staff":2,"stat.craftItem.actuallyadditions.block_battery_box":1,"stat.pickup.bibliocraft.fancysign":8,"stat.craftItem.actuallyadditions.block_misc":353,"stat.craftItem.embers.stairs_caminite_brick":16,"stat.craftItem.embers.stamper_base":1,"stat.useItem.embers.ember_gauge":8,"stat.useItem.minecraft.ender_pearl":1,"stat.pickup.minecraft.chainmail_chestplate":1,"stat.craftItem.embers.block_furnace":1,"stat.mineBlock.embers.alchemy_pedestal":2,"stat.mineBlock.openblocks.block_placer":2,"stat.pickup.actuallyadditions.block_laser_relay_item":1,"stat.hopperInspected":11,"stat.craftItem.bigreactors.ingotludicrite":90,"stat.useItem.minecraft.spawn_egg":24,"stat.useItem.embers.wall_caminite_brick":1,"stat.killEntity.thermalfoundation.basalz":35,"stat.pickup.embers.block_furnace":1,"stat.pickup.astralsorcery.itemjournal":2,"stat.drop.embers.dust_ash":3,"stat.craftItem.embers.mech_core":64,"stat.pickup.embers.stamper_base":2,"stat.pickup.minecraft.wooden_button":1,"stat.pickup.embers.archaic_brick":74,"stat.pickup.actuallyadditions.item_solidified_experience":630,"stat.craftItem.thermalfoundation.material":1988,"stat.drop.minecraft.wooden_pressure_plate":1,"stat.pickup.botania.spark":4,"stat.useItem.thermaldynamics.duct_0":114,"stat.pickup.minecraft.skull":5,"stat.mineBlock.industrialforegoing.mob_slaughter_factory":3,"stat.pickup.enderio.block_experience_obelisk":2,"stat.craftItem.actuallyadditions.block_item_repairer":1,"stat.craftItem.redstonearsenal.armor.plate_flux":6,"stat.useItem.embers.ember_relay":2,"stat.useItem.minecraft.hopper":6,"stat.pickup.botania.pinkinator":1,"stat.pickup.botania.overgrowthseed":1,"stat.pickup.ironchest.iron_chest":7,"stat.drop.randomthings.timeinabottle":1,"stat.playOneMinute":2343265,"stat.craftItem.embers.wall_caminite_brick":6,"stat.craftItem.minecraft.diamond_block":64,"stat.useItem.embers.beam_splitter":2,"stat.pickup.minecraft.netherrack":39,"stat.entityKilledBy.thermalfoundation.blitz":1,"stat.pickup.bigreactors.blockludicrite":1,"stat.craftItem.thermalexpansion.device":1,"stat.craftItem.embers.pipe":128,"stat.pickup.tconstruct.shovel":2,"stat.pickup.embers.ember_bore":1,"stat.pickup.extrabotany.magicfinger":1,"stat.pickup.embers.pump":4,"stat.craftItem.embers.pickaxe_clockwork":1,"stat.craftItem.minecraft.iron_nugget":810,"stat.useItem.minecraft.experience_bottle":19,"stat.fallOneCm":5038,"stat.pickup.skyresources.cactusfruit":23,"stat.craftItem.embers.stamp_plate_raw":1,"stat.craftItem.minecraft.chest":64,"stat.useItem.embers.tinker_hammer":147,"stat.craftItem.thermalexpansion.reservoir":5,"stat.pickup.thermalexpansion.device":6,"stat.useItem.embers.archaic_tile":2,"stat.pickup.actuallyadditions.item_explosion_lens":1,"stat.craftItem.minecraft.wooden_button":1,"stat.craftItem.actuallyadditions.block_enervator":1,"stat.craftItem.actuallyadditions.item_laser_wrench":1,"stat.pickup.randomthings.ingredient":4,"stat.pickup.actuallyadditions.block_battery_box":1,"stat.pickup.embers.stamp_plate":1,"stat.pickup.minecraft.redstone_ore":192,"stat.pickup.embers.dust_ash":194,"stat.pickup.immersivepetroleum.material":373,"stat.craftItem.embers.item_pump":8,"stat.pickup.mekanism.ingot":2624,"stat.useItem.minecraft.torch":30,"stat.useItem.embers.ember_pulser":3,"stat.craftItem.minecraft.redstone_block":166,"stat.useItem.ironchest.iron_chest":10,"stat.pickup.enderio.item_extract_speed_upgrade":30,"stat.pickup.embers.ember_receiver":87,"stat.useItem.minecraft.log":179,"stat.useItem.embers.alchemy_pedestal":5,"stat.craftItem.actuallyadditions.item_battery_double":1,"stat.craftItem.embers.axe_clockwork":1,"stat.mineBlock.chisel.stonebrick":24,"stat.pickup.minecraft.redstone_block":2,"stat.pickup.minecraft.log":585,"stat.pickup.betterbuilderswands.wanddiamond":1,"stat.pickup.embers.blasting_core":2,"stat.craftItem.minecraft.stone_button":64,"stat.pickup.minecraft.web":5,"stat.useItem.twilightforest.glass_sword":36,"stat.craftItem.embers.beam_splitter":8,"stat.pickup.extrabotany.rewardbag":50,"stat.useItem.embers.pump":4,"stat.craftItem.embers.grandhammer":1,"stat.craftItem.redstonearsenal.armor.helmet_flux":1,"stat.mineBlock.embers.ember_receiver":5,"stat.pickup.enderio.item_travel_staff":1,"stat.craftItem.thermaldynamics.retriever":256,"stat.pickup.extrabotany.combatmaidboots":3,"stat.useItem.minecraft.wooden_pressure_plate":7,"stat.useItem.embers.ember_receiver":28,"stat.pickup.minecraft.golden_sword":2,"stat.craftItem.thermalfoundation.tome_experience":1,"stat.craftItem.thermaldynamics.duct_0":1536,"stat.craftItem.embers.combustor":1,"stat.craftItem.embers.ember_receiver":128,"stat.pickup.immersiveengineering.metal_device1":2,"stat.craftItem.actuallyadditions.block_phantom_booster":64,"stat.drop.tconstruct.hatchet":1,"stat.sneakTime":61785,"stat.craftItem.embers.ember_emitter":128,"stat.pickup.tconstruct.bow_limb":1,"stat.drop.extrabotany.combatmaidchest":1,"stat.pickup.minecraft.stone_slab":51,"stat.useItem.enderio.item_conduit_facade":72,"stat.pickup.minecraft.bone":20,"stat.pickup.embers.shard_ember":4,"stat.pickup.embers.block_caminite_brick":52,"stat.craftItem.botania.petal":256,"stat.mineBlock.actuallyadditions.block_misc":1,"stat.swimOneCm":7559,"stat.craftItem.actuallyadditions.block_laser_relay":4,"stat.craftItem.minecraft.gold_block":64,"stat.pickup.enderio.block_powered_spawner":1,"stat.pickup.thermalexpansion.machine":5,"stat.enderchestOpened":6,"stat.pickup.minecraft.golden_helmet":1,"stat.mineBlock.bigreactors.blockludicrite":1,"stat.useItem.thermalfoundation.tool.bow_platinum":1,"stat.craftItem.minecraft.trapdoor":4,"stat.useItem.minecraft.golden_pickaxe":1,"stat.craftItem.embers.ember_injector":1,"stat.pickup.minecraft.cobblestone":4,"stat.mineBlock.minecraft.redstone_block":2,"stat.pickup.minecraft.clay":53,"stat.pickup.minecraft.glass_bottle":1,"stat.killEntity.ZombieHorse":14,"stat.pickup.appliedenergistics2.material":63,"stat.killEntity.spirit":4,"stat.mineBlock.industrialforegoing.tree_fluid_extractor":2,"stat.craftItem.minecraft.wooden_slab":384,"stat.drop.actuallyadditions.item_solidified_experience":4,"stat.pickup.industrialforegoing.latex_processing_unit":1,"stat.mineBlock.embers.stamper":3,"stat.craftItem.actuallyadditions.block_laser_relay_extreme":1,"stat.pickup.minecraft.redstone":40,"stat.pickup.embers.ember_pulser":1,"stat.mineBlock.embers.archaic_edge":2,"stat.pickup.tconstruct.kama":2,"stat.pickup.actuallyadditions.block_testifi_bucks_green_wall":15,"stat.pickup.embers.stamp_bar":3,"stat.craftItem.embers.ashen_cloak_legs":1,"stat.mineBlock.thermalfoundation.ore":1,"stat.craftItem.embers.blend_caminite":1536,"stat.pickup.minecraft.trapdoor":1,"stat.craftItem.embers.ashen_cloak_boots":1,"stat.craftItem.embers.staff_ember":1,"stat.mineBlock.thermalexpansion.device":5,"stat.craftItem.thermalexpansion.tank":64,"stat.mineBlock.actuallyadditions.block_display_stand":13,"stat.drop.openblocks.fan":1,"stat.pickup.openblocks.trophy":4,"stat.useItem.embers.item_pump":9,"stat.craftItem.actuallyadditions.block_energizer":1,"stat.pickup.openblocks.block_placer":2,"stat.craftItem.minecraft.brick_block":3,"stat.craftItem.enderio.item_conduit_facade":64,"stat.craftItem.minecraft.stone_slab2":4,"stat.craftItem.botania.supertravelbelt":1,"stat.pickup.botania.petal":120,"stat.pickup.extrabotany.treasurebox":1,"stat.craftItem.botania.manaresource":2,"stat.mineBlock.embers.inferno_forge":1,"stat.pickup.actuallyadditions.item_misc":3,"stat.killEntity.ancient_golem":9,"stat.mineBlock.randomthings.slimecube":1,"stat.craftItem.minecraft.stick":32,"stat.useItem.minecraft.stone_slab":11,"stat.craftItem.embers.pump":8,"stat.craftItem.minecraft.gold_nugget":1152,"stat.craftItem.bibliocraft.label":64,"stat.pickup.industrialforegoing.black_hole_tank":13,"stat.mineBlock.minecraft.planks":7,"stat.drop":35,"stat.craftItem.actuallyadditions.item_misc":521,"stat.pickup.minecraft.stone_button":4,"stat.drop.actuallyadditions.block_laser_relay":1,"stat.useItem.bibliocraft.fancysign":10,"stat.useItem.thermaldynamics.filter":1,"stat.craftItem.embers.block_caminite_brick":66,"stat.pickup.botania.crystalbow":2,"stat.pickup.tconstruct.hatchet":2,"stat.pickup.extrabotany.material":2,"stat.pickup.enderio.item_power_conduit":87,"stat.pickup.minecraft.spider_eye":5,"stat.pickup.enderio.item_item_conduit":13,"stat.pickup.actuallyadditions.block_misc":1,"stat.pickup.embers.dawnstone_anvil":2,"stat.pickup.embers.blend_caminite":636,"stat.craftItem.actuallyadditions.block_item_viewer":1,"stat.craftItem.actuallyadditions.block_empowerer":1,"stat.pickup.minecraft.leaves":667,"stat.pickup.botania.infinitefruit":1,"stat.craftItem.randomthings.timeinabottle":1,"stat.pickup.actuallyadditions.block_crystal_empowered":3,"stat.pickup.extrautils2.opinium":2,"stat.useItem.enderio.item_liquid_conduit":170,"stat.pickup.minecraft.reeds":11367,"stat.pickup.botania.sparkupgrade":1,"stat.craftItem.botania.manatablet":1,"stat.pickup.embers.plate_caminite":61,"stat.craftItem.actuallyadditions.item_tele_staff":1,"stat.pickup.embers.ember_gauge":21,"stat.damageDealt":8653,"stat.craftItem.minecraft.glass":45,"stat.pickup.enderio.item_conduit_facade":6,"stat.pickup.embers.alchemy_tablet":4,"stat.walkOneCm":4876105,"stat.pickup.enderio.block_enhanced_alloy_smelter":1,"stat.playerKills":8,"stat.craftItem.thermaldynamics.filter":256,"stat.pickup.minecraft.clay_ball":672,"stat.craftItem.thermaldynamics.servo":258,"stat.mineBlock.thermaldynamics.duct_0":25,"stat.drop.actuallyadditions.block_laser_relay_fluids":1,"stat.craftItem.actuallyadditions.item_crystal":1728,"stat.useItem.actuallyadditions.item_phantom_connector":17,"stat.drop.chisel.stonebrick":1,"stat.pickup.minecraft.stone":1548,"stat.pickup.embers.archaic_edge":2,"stat.craftItem.minecraft.redstone":27,"stat.pickup.mekanism.atomicdisassembler":1,"stat.pickup.minecraft.air":0,"stat.pickup.minecraft.gold_ingot":5,"stat.pickup.thermaldynamics.servo":2,"stat.killEntity.Skeleton":15,"stat.useItem.botania.crystalbow":52,"stat.killEntity.Chicken":1,"stat.mineBlock.enderio.block_experience_obelisk":2,"stat.mineBlock.embers.caminite_lever":6,"stat.killEntity.Spider":14,"stat.craftItem.embers.alchemy_tablet":1,"stat.pickup.embers.ember_emitter":7,"stat.useItem.embers.caminite_lever":36,"stat.craftItem.embers.block_dawnstone":10,"stat.craftItem.botania.manaringgreater":1,"stat.craftItem.minecraft.coal_block":135,"stat.pickup.industrialforegoing.mob_slaughter_factory":3,"stat.mineBlock.minecraft.stone":811,"stat.useItem.tconstruct.hatchet":180,"stat.craftItem.actuallyadditions.block_giant_chest":1}