{"stat.pickup.minecraft.wooden_slab":2,"stat.craftItem.embers.stamp_bar":1,"stat.leaveGame":14,"stat.drop.minecraft.gunpowder":1,"stat.drop.minecraft.redstone":10,"stat.drop.tconstruct.shovel":1,"stat.useItem.minecraft.glowstone":3,"stat.craftItem.minecraft.ender_eye":30,"stat.pickup.psi.spell_bullet":1,"stat.pickup.botania.manatablet":3,"stat.craftItem.thermalfoundation.meter":2,"stat.craftItem.twilightforest.dark_planks":128,"stat.mineBlock.embers.ember_gauge":6,"stat.craftItem.embers.bin":1,"stat.pickup.minecraft.rotten_flesh":8,"stat.craftItem.bigreactors.reactorcasingcores":6,"stat.mineBlock.embers.cinder_plinth":1,"stat.killEntity.Enderman":3,"stat.mineBlock.minecraft.wooden_slab":1,"stat.craftItem.bigreactors.reactorfuelrod":1,"stat.drop.minecraft.gold_ingot":5,"stat.useItem.tconstruct.ore":10,"stat.pickup.embers.bin":1,"stat.pickup.tconstruct.seared_glass":2,"stat.craftItem.minecraft.glass_pane":32,"stat.mineBlock.minecraft.hopper":6,"stat.pickup.thermalfoundation.material":99,"stat.furnaceInteraction":3,"stat.pickup.industrialforegoing.pink_slime":17,"stat.craftItem.bigreactors.turbinehousing":60,"stat.craftItem.embers.stamp_bar_raw":1,"stat.craftItem.bigreactors.turbinefluidport":2,"stat.craftItem.industrialforegoing.dryrubber":104,"stat.killEntity.pink_slime":6,"stat.mineBlock.ae2stuff.grower":1,"stat.pickup.chisel.stonebrick":34,"stat.mineBlock.industrialforegoing.sewage_composter_solidifier":1,"stat.mineBlock.tconstruct.ore":12,"stat.pickup.minecraft.potion":1,"stat.useItem.minecraft.flint_and_steel":6,"stat.useItem.botania.twigwand":4,"stat.pickup.minecraft.emerald":32,"stat.deaths":3,"stat.pickup.enderio.item_liquid_conduit":10,"stat.craftItem.industrialforegoing.infinity_drill":1,"stat.pickup.extrautils2.ironwood_log":1,"stat.craftItem.immersiveengineering.metal":13,"stat.drop.minecraft.glass_bottle":1,"stat.drop.minecraft.iron_ingot":4,"stat.craftItem.industrialforegoing.animal_byproduct_recolector":1,"stat.chestOpened":28,"stat.useItem.minecraft.lapis_ore":33,"stat.craftItem.bigreactors.turbinecontroller":1,"stat.useItem.minecraft.stone":201,"stat.craftItem.botanicbonsai.botanic_bonsai_pot":128,"stat.craftItem.industrialforegoing.animal_growth_increaser":1,"stat.craftItem.mekanism.machineblock":1,"stat.craftItem.appliedenergistics2.part":81,"stat.killEntity.Ghast":2,"stat.drop.psi.cad":3,"stat.pickup.minecraft.gold_nugget":37,"stat.useItem.minecraft.clay":240,"stat.useItem.chisel.stonebrick":37,"stat.craftItem.industrialforegoing.hydrator":1,"stat.useItem.botania.manasteelpick":35,"stat.crouchOneCm":47754,"stat.craftItem.minecraft.diamond":162,"stat.mineBlock.minecraft.chest":4,"stat.craftItem.minecraft.iron_ingot":561,"stat.craftItem.minecraft.hopper":13,"stat.craftingTableInteraction":121,"stat.craftItem.embers.ember_detector":1,"stat.pickup.minecraft.dye":31,"stat.drop.tconstruct.kama":1,"stat.craftItem.botania.manasteelboots":1,"stat.pickup.skyresources.alchemyitemcomponent":8,"stat.mineBlock.embers.mixer":2,"stat.craftItem.embers.cinder_plinth":1,"stat.drop.minecraft.rotten_flesh":3,"stat.pickup.minecraft.magma":3,"stat.pickup.tconstruct.pickaxe":1,"stat.craftItem.psi.psimetal_pickaxe":2,"stat.useItem.torchmaster.feral_flare_lantern":3,"stat.useItem.tconstruct.pickaxe":287,"stat.craftItem.appliedenergistics2.drive":6,"stat.pickup.randomthings.timeinabottle":1,"stat.pickup.minecraft.hopper":6,"stat.mineBlock.chisel.stonebrick1":11,"stat.craftItem.appliedenergistics2.inscriber":1,"stat.craftItem.appliedenergistics2.fluix_block":6,"stat.mineBlock.embers.stamper_base":1,"stat.craftItem.minecraft.bucket":41,"stat.craftItem.minecraft.planks":320,"stat.pickup.embers.ingot_dawnstone":6,"stat.pickup.embers.ancient_motive_core":1,"stat.pickup.psi.programmer":1,"stat.craftItem.embers.boiler":2,"stat.craftItem.industrialforegoing.sewage_composter_solidifier":1,"stat.craftItem.twilightforest.canopy_planks":4,"stat.craftItem.enderio.item_alloy_ball":24,"stat.craftItem.embers.plate_caminite_raw":64,"stat.drop.thermalfoundation.material":6,"stat.craftItem.minecraft.wool":22,"stat.craftItem.industrialforegoing.meat_feeder":3,"stat.mineBlock.embers.ember_emitter":4,"stat.craftItem.embers.stamper":1,"stat.craftItem.industrialforegoing.conveyor":4,"stat.craftItem.botania.manasteelhelm":1,"stat.pickup.industrialforegoing.range_addon":2,"stat.mineBlock.ironchest.iron_chest":7,"stat.useItem.minecraft.stone_slab2":123,"stat.pickup.embers.stamper":7,"stat.pickup.forge.bucketfilled":1,"stat.pickup.embers.boiler":1,"stat.mineBlock.embers.copper_cell":1,"stat.craftItem.minecraft.furnace":67,"stat.mineBlock.minecraft.obsidian":1,"stat.craftItem.minecraft.bow":2,"stat.mineBlock.minecraft.clay":84,"stat.flyOneCm":2914955,"stat.mineBlock.embers.bin":1,"stat.craftItem.botania.dye":7,"stat.craftItem.minecraft.stained_glass":8,"stat.craftItem.minecraft.emerald_block":48,"stat.drop.skyresources.alchemyitemcomponent":4,"stat.timeSinceDeath":266693,"stat.drop.industrialforegoing.black_hole_tank":4,"stat.craftItem.minecraft.iron_block":4,"stat.craftItem.minecraft.stonebrick":129,"stat.pickup.extrautils2.ingredients":1,"stat.pickup.ae2wtlib.infinity_booster_card":1,"stat.craftItem.industrialforegoing.mob_slaughter_factory":1,"stat.pickup.thermalexpansion.frame":21,"stat.drop.minecraft.obsidian":1,"stat.mineBlock.embers.block_furnace":5,"stat.useItem.embers.ember_emitter":4,"stat.craftItem.tconstruct.tooltables":1,"stat.pickup.embers.ember_activator":1,"stat.sprintOneCm":353547,"stat.mineBlock.minecraft.stone_slab":6,"stat.craftItem.psi.cad_assembly":7,"stat.craftItem.botania.manasteellegs":1,"stat.useItem.carryon.tile_item":8,"stat.craftItem.industrialforegoing.black_hole_tank":15,"stat.useItem.enderio.item_power_conduit":8,"stat.craftItem.bigreactors.ingotcyanite":72,"stat.craftItem.minecraft.speckled_melon":2,"stat.pickup.minecraft.spawn_egg":2,"stat.craftItem.immersiveengineering.wirecoil":8,"stat.pickup.tconstruct.ore":12,"stat.craftItem.minecraft.emerald":720,"stat.pickup.minecraft.iron_block":1,"stat.killEntity.Zombie":1,"stat.craftItem.embers.tinker_hammer":1,"stat.pickup.embers.crystal_ember":2,"stat.craftItem.industrialforegoing.laser_base":1,"stat.diveOneCm":45096,"stat.pickup.chisel.stonebrick1":11,"stat.pickup.tconstruct.tooltables":1,"stat.mineBlock.industrialforegoing.animal_byproduct_recolector":2,"stat.pickup.minecraft.sign":1,"stat.pickup.minecraft.obsidian":3,"stat.craftItem.psi.exosuit_sensor":4,"stat.useItem.minecraft.rotten_flesh":1,"stat.useItem.skyresources.cactusfruit":4,"stat.pickup.industrialforegoing.animal_byproduct_recolector":2,"stat.jump":1019,"stat.pickup.minecraft.coal":92,"stat.pickup.minecraft.iron_ingot":153,"stat.craftItem.minecraft.lever":64,"stat.pickup.minecraft.gunpowder":8,"stat.craftItem.embers.ember_bore":1,"stat.mineBlock.minecraft.lapis_ore":33,"stat.damageTaken":1671,"stat.mineBlock.minecraft.torch":23,"stat.craftItem.minecraft.comparator":17,"stat.pickup.minecraft.log2":176,"stat.craftItem.embers.mixer":1,"stat.useItem.forge.bucketfilled":22,"stat.craftItem.psi.cad_core":7,"stat.craftItem.psi.programmer":1,"stat.craftItem.minecraft.stone_slab":270,"stat.useItem.tconstruct.shovel":81,"stat.craftItem.bigreactors.reactoraccessport":2,"stat.craftItem.psi.spell_bullet":21,"stat.craftItem.psi.cad_battery":7,"stat.drop.psi.spell_bullet":1,"stat.craftItem.industrialforegoing.conveyor_upgrade":2,"stat.drop.minecraft.wooden_slab":1,"stat.craftItem.industrialforegoing.animal_stock_increaser":1,"stat.useItem.minecraft.netherrack":4,"stat.craftItem.minecraft.stained_glass_pane":16,"stat.pickup.embers.brick_caminite":70,"stat.mineBlock.minecraft.glowstone":5,"stat.mobKills":15,"stat.craftItem.appliedenergistics2.spatial_io_port":1,"stat.craftItem.minecraft.shears":2,"stat.craftItem.botania.spreader":1,"stat.pickup.minecraft.diamond":64,"stat.pickup.minecraft.torch":24,"stat.pickup.astralsorcery.blockmarble":2,"stat.craftItem.minecraft.map":1,"stat.craftItem.minecraft.compass":7,"stat.useItem.randomthings.timeinabottle":56,"stat.useItem.enderio.item_item_conduit":12,"stat.pickup.tconstruct.book":1,"stat.craftItem.minecraft.iron_axe":4,"stat.killEntity.Blaze":1,"stat.craftItem.appliedenergistics2.io_port":1,"stat.drop.tconstruct.pickaxe":1,"stat.useItem.minecraft.planks":2,"stat.craftItem.botania.manasteelchest":1,"stat.pickup.minecraft.glowstone_dust":17,"stat.craftItem.bigreactors.reactorcontrolrod":1,"stat.pickup.psi.material":382,"stat.craftItem.immersiveengineering.metal_device1":1,"stat.craftItem.psi.cad_assembler":1,"stat.pickup.openblocks.elevator":5,"stat.craftItem.minecraft.golden_apple":2,"stat.craftItem.mekanism.basicblock":4,"stat.craftItem.embers.stairs_caminite_brick":4,"stat.craftItem.bigreactors.ingotblutonium":2,"stat.craftItem.minecraft.fire_charge":3,"stat.craftItem.embers.stamper_base":1,"stat.useItem.minecraft.ender_pearl":2,"stat.craftItem.embers.block_furnace":1,"stat.hopperInspected":11,"stat.useItem.minecraft.spawn_egg":1,"stat.pickup.embers.block_furnace":6,"stat.pickup.minecraft.ghast_tear":1,"stat.craftItem.bigreactors.reactorcasing":24,"stat.craftItem.appliedenergistics2.quartz_growth_accelerator":6,"stat.craftItem.minecraft.golden_carrot":2,"stat.pickup.appliedenergistics2.crystal_seed":40,"stat.craftItem.embers.mech_core":4,"stat.pickup.embers.stamper_base":2,"stat.pickup.actuallyadditions.item_solidified_experience":396,"stat.pickup.embers.archaic_brick":5,"stat.craftItem.thermalfoundation.material":51,"stat.craftItem.industrialforegoing.crop_recolector":1,"stat.useItem.minecraft.redstone":1,"stat.craftItem.industrialforegoing.laser_lens":4,"stat.craftItem.industrialforegoing.range_addon":2,"stat.pickup.minecraft.skull":1,"stat.mineBlock.tconstruct.seared_glass":2,"stat.useItem.tconstruct.seared_glass":1,"stat.craftItem.appliedenergistics2.quartz_glass":24,"stat.craftItem.bigreactors.turbinebearing":1,"stat.craftItem.immersiveengineering.material":8,"stat.craftItem.embers.copper_cell":1,"stat.pickup.ironchest.iron_chest":7,"stat.playOneMinute":772467,"stat.pickup.minecraft.blaze_rod":1,"stat.craftItem.minecraft.diamond_block":1,"stat.pickup.minecraft.netherrack":89,"stat.craftItem.psi.cad_socket":8,"stat.craftItem.thermalexpansion.device":1,"stat.craftItem.appliedenergistics2.material":10,"stat.mineBlock.minecraft.netherrack":230,"stat.pickup.tconstruct.shovel":1,"stat.pickup.embers.ember_bore":5,"stat.useItem.chisel.stonebrick1":81,"stat.useItem.minecraft.quartz_ore":14,"stat.craftItem.minecraft.iron_hoe":2,"stat.drop.immersiveengineering.metal_device1":1,"stat.craftItem.bigreactors.turbinepowertaprf":1,"stat.fallOneCm":659,"stat.pickup.skyresources.cactusfruit":27,"stat.craftItem.minecraft.chest":22,"stat.useItem.embers.tinker_hammer":32,"stat.useItem.minecraft.furnace":1,"stat.craftItem.bigreactors.turbinerotorshaft":6,"stat.craftItem.psi.material":16,"stat.pickup.extrabotany.supercrown":1,"stat.useItem.thermalfoundation.meter":65,"stat.drop.industrialforegoing.sewage_composter_solidifier":2,"stat.useItem.minecraft.torch":29,"stat.craftItem.minecraft.redstone_block":2,"stat.useItem.ironchest.iron_chest":7,"stat.pickup.embers.ember_receiver":17,"stat.pickup.minecraft.crafting_table":2,"stat.pickup.industrialforegoing.sewage_composter_solidifier":3,"stat.craftItem.minecraft.crafting_table":2,"stat.craftItem.industrialforegoing.adult_filter":1,"stat.mineBlock.chisel.stonebrick":34,"stat.pickup.minecraft.redstone_block":1,"stat.craftItem.bigreactors.turbinerotorblade":8,"stat.drop.botania.manatablet":3,"stat.mineBlock.embers.ember_receiver":5,"stat.craftItem.bigreactors.reactorcontroller":1,"stat.drop.enderio.item_liquid_conduit":1,"stat.killEntity.WitherSkeleton":1,"stat.useItem.embers.ember_receiver":9,"stat.craftItem.minecraft.flower_pot":2,"stat.craftItem.embers.ember_receiver":4,"stat.drop.tconstruct.hatchet":1,"stat.sneakTime":16013,"stat.craftItem.embers.ember_emitter":4,"stat.craftItem.appliedenergistics2.controller":1,"stat.useItem.minecraft.baked_potato":8,"stat.pickup.minecraft.stone_slab":8,"stat.pickup.minecraft.chest":3,"stat.pickup.minecraft.bone":4,"stat.drop.industrialforegoing.latex_processing_unit":1,"stat.pickup.embers.tinker_hammer":1,"stat.craftItem.minecraft.sticky_piston":2,"stat.pickup.embers.shard_ember":2,"stat.pickup.embers.block_caminite_brick":51,"stat.craftItem.botania.petal":2,"stat.mineBlock.embers.ember_bore":2,"stat.craftItem.psi.psimetal_axe":2,"stat.craftItem.industrialforegoing.animal_resource_harvester":1,"stat.swimOneCm":53362,"stat.craftItem.minecraft.gold_block":1,"stat.enderchestOpened":3,"stat.drop.minecraft.quartz":8,"stat.craftItem.psi.psimetal_sword":2,"stat.mineBlock.embers.boiler":1,"stat.craftItem.industrialforegoing.crop_sower":1,"stat.mineBlock.minecraft.magma":10,"stat.mineBlock.minecraft.redstone_block":1,"stat.craftItem.minecraft.glass_bottle":3,"stat.pickup.minecraft.clay":275,"stat.pickup.appliedenergistics2.material":145,"stat.pickup.psi.cad":3,"stat.mineBlock.openblocks.elevator":5,"stat.mineBlock.embers.stamper":5,"stat.craftItem.bigreactors.turbinehousingcores":15,"stat.craftItem.minecraft.dispenser":2,"stat.pickup.minecraft.redstone":74,"stat.craftItem.minecraft.book":2,"stat.useItem.minecraft.sign":1,"stat.pickup.tconstruct.kama":1,"stat.drop.minecraft.coal":1,"stat.pickup.embers.stamp_bar":1,"stat.craftItem.embers.blend_caminite":1936,"stat.craftItem.industrialforegoing.animal_independence_selector":1,"stat.craftItem.industrialforegoing.latex_processing_unit":1,"stat.pickup.embers.copper_cell":2,"stat.craftItem.minecraft.brick_block":2,"stat.craftItem.minecraft.stone_slab2":16,"stat.killEntity.ancient_golem":1,"stat.craftItem.minecraft.stick":136,"stat.useItem.minecraft.stone_slab":10,"stat.craftItem.minecraft.gold_nugget":27,"stat.mineBlock.minecraft.crafting_table":2,"stat.pickup.ae2stuff.grower":1,"stat.pickup.industrialforegoing.black_hole_tank":4,"stat.craftItem.industrialforegoing.tree_fluid_extractor":1,"stat.drop":72,"stat.craftItem.minecraft.piston":12,"stat.craftItem.botanicbonsai.bonsai_pot_manager":1,"stat.craftItem.bigreactors.reactorcoolantport":2,"stat.craftItem.industrialforegoing.ore_sieve":1,"stat.craftItem.embers.block_caminite_brick":64,"stat.useItem.minecraft.potion":1,"stat.pickup.tconstruct.hatchet":1,"stat.pickup.enderio.item_power_conduit":5,"stat.craftItem.bonsaitrees.bonsaipot":128,"stat.pickup.enderio.item_item_conduit":8,"stat.craftItem.tconstruct.book":1,"stat.pickup.embers.blend_caminite":64,"stat.craftItem.immersiveengineering.metal_decoration0":1,"stat.mineBlock.tconstruct.tooltables":1,"stat.craftItem.minecraft.iron_bars":16,"stat.useItem.enderio.item_liquid_conduit":17,"stat.pickup.minecraft.prismarine_shard":1,"stat.craftItem.botania.manatablet":3,"stat.pickup.embers.plate_caminite":61,"stat.craftItem.industrialforegoing.sludge_refiner":1,"stat.pickup.embers.ember_gauge":7,"stat.damageDealt":2448,"stat.craftItem.embers.ember_activator":1,"stat.craftItem.minecraft.iron_sword":3,"stat.walkOneCm":1806140,"stat.pickup.embers.mixer":3,"stat.pickup.minecraft.stick":1,"stat.drop.appliedenergistics2.material":5,"stat.pickup.minecraft.clay_ball":2247,"stat.craftItem.psi.psimetal_shovel":2,"stat.craftItem.openblocks.elevator":1,"stat.pickup.embers.cinder_plinth":1,"stat.craftItem.industrialforegoing.mob_relocator":1,"stat.craftItem.embers.ember_gauge":1,"stat.pickup.minecraft.stone":1820,"stat.craftItem.industrialforegoing.crop_enrich_material_injector":1,"stat.pickup.minecraft.gold_ingot":2,"stat.killEntity.Skeleton":1,"stat.craftItem.appliedenergistics2.crystal_seed":40,"stat.mineBlock.psi.programmer":1,"stat.mineBlock.minecraft.quartz_ore":16,"stat.craftItem.ae2stuff.grower":1,"stat.pickup.minecraft.quartz":21,"stat.pickup.embers.ember_emitter":12,"stat.mineBlock.tconstruct.casting":4,"stat.mineBlock.minecraft.stone":1402,"stat.drop.tconstruct.book":2,"stat.craftItem.industrialforegoing.laser_drill":4}