{"stat.craftItem.immersiveengineering.stone_decoration":262,"stat.pickup.extrabotany.combatmaidchest":4,"stat.useItem.botania.bifrostperm":1,"stat.useItem.minecraft.bow":1,"stat.drop.minecraft.gunpowder":3,"stat.pickup.extrautils2.redorchid":2,"stat.pickup.harvestcraft.snapperrawitem":7,"stat.craftItem.enderio.item_travel_staff":1,"stat.drop.minecraft.redstone":3,"stat.craftItem.enderio.item_item_conduit":256,"stat.craftItem.botania.quartz":8,"stat.pickup.harvestcraft.sardinerawitem":8,"stat.pickup.harvestcraft.seaweeditem":1,"stat.useItem.sc.compressednetherrack":5,"stat.pickup.minecraft.rotten_flesh":194,"stat.drop.minecraft.redstone_torch":1,"stat.useItem.minecraft.diamond_hoe":24,"stat.craftItem.botania.crystalbow":1,"stat.useItem.extrabotany.natureorb":15,"stat.pickup.torchmaster.feral_flare_lantern":20,"stat.craftItem.redstonearsenal.material":128,"stat.killEntity.Donkey":1,"stat.pickup.harvestcraft.catfishrawitem":5,"stat.drop.minecraft.leather_boots":1,"stat.killEntity.twilightforest.raven":1,"stat.pickup.minecraft.bucket":3,"stat.useItem.minecraft.rail":46,"stat.killEntity.Enderman":108,"stat.useItem.mekanism.configurator":42,"stat.craftItem.botania.storage":1,"stat.mineBlock.minecraft.emerald_block":2,"stat.craftItem.minecraft.iron_shovel":1,"stat.pickup.minecraft.brown_mushroom":14,"stat.mineBlock.minecraft.end_stone":534,"stat.pickup.botania.manacookie":64,"stat.pickup.astralsorcery.blocklens":6,"stat.useItem.minecraft.iron_pickaxe":77,"stat.useItem.redstonearsenal.tool.bow_flux":31,"stat.pickup.botania.manaweavehelm":1,"stat.mineBlock.botania.bifrostperm":1,"stat.pickup.minecraft.double_plant":1,"stat.pickup.tconstruct.seared_glass":58,"stat.craftItem.minecraft.glass_pane":80,"stat.useItem.minecraft.hardened_clay":1,"stat.furnaceInteraction":117,"stat.pickup.extrautils2.enderlilly":2,"stat.drop.openblocks.info_book":2,"stat.drop.minecraft.hay_block":5,"stat.pickup.minecraft.nether_brick":11,"stat.pickup.extrabotany.buddhistrelics":2,"stat.pickup.minecraft.sponge":1,"stat.useItem.minecraft.end_stone":5,"stat.mineBlock.immersiveengineering.wooden_device0":1,"stat.mineBlock.minecraft.wooden_button":1,"stat.useItem.immersiveengineering.wooden_decoration":475,"stat.craftItem.enderio.item_end_steel_shield":1,"stat.craftItem.botania.fertilizer":42,"stat.useItem.thermalexpansion.dynamo":51,"stat.pickup.actuallyadditions.item_crystal":2,"stat.pickup.botania.rune":290,"stat.craftItem.botania.pool":12,"stat.useItem.botania.obediencestick":18,"stat.useItem.minecraft.flint_and_steel":2,"stat.mineBlock.astralsorcery.blockmarble":335,"stat.craftItem.enderio.block_enhanced_wired_charger":1,"stat.pickup.immersiveengineering.sheetmetal":6,"stat.useItem.botania.twigwand":1868,"stat.pickup.minecraft.emerald":1404,"stat.pickup.minecraft.lever":8,"stat.deaths":21,"stat.pickup.minecraft.bowl":3,"stat.useItem.tconstruct.smeltery_io":16,"stat.pickup.minecraft.egg":5374,"stat.pickup.extrabotany.specialbag":3,"stat.craftItem.minecraft.iron_pickaxe":3,"stat.pickup.minecraft.item_frame":8,"stat.drop.minecraft.iron_ingot":3,"stat.fishCaught":2,"stat.mineBlock.thermalexpansion.machine":1,"stat.pickup.sc.compressedcactus":2,"stat.chestOpened":1472,"stat.craftItem.minecraft.mossy_cobblestone":9,"stat.useItem.minecraft.jungle_fence":49,"stat.mineBlock.astralsorcery.blockbore":1,"stat.craftItem.minecraft.quartz_block":128,"stat.mineBlock.skyresources.ironfreezer":2,"stat.drop.psi.cad":2,"stat.useItem.chisel.stonebrick":94,"stat.craftItem.minecraft.coal":272,"stat.pickup.botania.lexicon":1,"stat.craftItem.redstonearsenal.tool.fishing_rod_flux":1,"stat.pickup.enderio.item_alloy_ingot":128,"stat.pickup.minecraft.carrot":7,"stat.useItem.botania.manasteelpick":619,"stat.drop.astralsorcery.itemcelestialcrystal":20,"stat.crouchOneCm":684851,"stat.pickup.minecraft.rail":1,"stat.craftItem.minecraft.diamond":108,"stat.craftItem.minecraft.iron_ingot":1701,"stat.useItem.extrabotany.ultimatehammer":7,"stat.pickup.botania.recordgaia2":3,"stat.pickup.bonsaitrees.bonsaipot":1,"stat.craftingTableInteraction":287,"stat.drop.thermalfoundation.ore":2,"stat.craftItem.tconstruct.pattern":434,"stat.mineBlock.tconstruct.smeltery_io":1,"stat.pickup.storagedrawers.upgrade_void":2,"stat.craftItem.tconstruct.seared_glass":923,"stat.pickup.immersiveengineering.stone_decoration":69,"stat.craftItem.enderio.item_power_conduit":840,"stat.pickup.minecraft.dye":64,"stat.mineBlock.minecraft.jungle_fence":2,"stat.pickup.minecraft.planks":152,"stat.pickup.enderio.item_material":4,"stat.craftItem.botania.terrasteelboots":2,"stat.pickup.astralsorcery.itemchargedcrystalsword":1,"stat.pickup.botania.manaweavelegs":1,"stat.craftItem.tconstruct.seared_furnace_controller":1,"stat.useItem.sc.compressedcactus":4,"stat.craftItem.minecraft.magma":5,"stat.craftItem.mekanism.speedupgrade":64,"stat.drop.enderio.item_material":1,"stat.craftItem.enderio.item_alloy_nugget":2628,"stat.craftItem.botania.manasteelboots":2,"stat.craftItem.enderio.block_simple_sag_mill":1,"stat.pickup.sakura.materials":13,"stat.pickup.skyresources.alchemyitemcomponent":598,"stat.craftItem.immersiveengineering.sheetmetal":320,"stat.pickup.tconstruct.pattern":1655,"stat.craftItem.thermalfoundation.storage":128,"stat.craftItem.extrabotany.pedestal":2,"stat.drop.minecraft.rotten_flesh":4,"stat.pickup.openblocks.tank":9,"stat.craftItem.extrabotany.lens":7,"stat.mineBlock.industrialforegoing.block_destroyer":5,"stat.drop.bonsaitrees.bonsaipot":1,"stat.pickup.harvestcraft.eelrawitem":5,"stat.useItem.torchmaster.feral_flare_lantern":6,"stat.pickup.astralsorcery.blockwell":13,"stat.drop.minecraft.iron_ore":3,"stat.drop.minecraft.sapling":1,"stat.craftItem.mekanism.tierinstaller":128,"stat.pickup.minecraft.chicken":62,"stat.pickup.minecraft.end_stone":653,"stat.useItem.minecraft.glass_pane":3,"stat.mineBlock.botania.pylon":23,"stat.mineBlock.botania.miniisland":1,"stat.craftItem.minecraft.bucket":34,"stat.craftItem.minecraft.planks":4252,"stat.pickup.botania.elfglass":32,"stat.craftItem.minecraft.fishing_rod":4,"stat.useItem.chisel.paper":84,"stat.pickup.minecraft.stone_sword":2,"stat.pickup.harvestcraft.octopusrawitem":5,"stat.craftItem.extrabotany.spearsubspace":1,"stat.useItem.astralsorcery.blockrituallink":1,"stat.pickup.minecraft.book":3,"stat.useItem.carryon.entity_item":6,"stat.killEntity.BabySkeleton":18,"stat.useItem.botania.pylon":32,"stat.craftItem.minecraft.cobblestone":709,"stat.drop.minecraft.observer":1,"stat.pickup.minecraft.tripwire_hook":1,"stat.useItem.thermalexpansion.reservoir":48,"stat.mineBlock.minecraft.pumpkin":5,"stat.mineBlock.minecraft.cobblestone":25,"stat.pickup.minecraft.flint":452,"stat.useItem.extrabotany.excaliber":32,"stat.useItem.botania.dirtrod":43,"stat.pickup.extrautils2.compoundbow":7,"stat.pickup.minecraft.leather_chestplate":1,"stat.craftItem.botania.alfheimportal":1,"stat.craftItem.botania.manaweavehelm":1,"stat.pickup.botania.alchemycatalyst":1,"stat.pickup.immersiveengineering.metal_decoration0":17,"stat.pickup.immersiveengineering.metal_decoration1":29,"stat.craftItem.immersiveengineering.conveyor":8,"stat.craftItem.minecraft.clock":2,"stat.pickup.astralsorcery.itemcoloredlens":8,"stat.drop.minecraft.cobblestone":6,"stat.craftItem.openblocks.block_placer":9,"stat.useItem.minecraft.stone_slab2":19829,"stat.drop.tconstruct.wooden_hopper":1,"stat.pickup.botania.ancientwill":14,"stat.pickup.astralsorcery.blockattunementrelay":24,"stat.pickup.forge.bucketfilled":8,"stat.craftItem.botania.terrasteelchest":2,"stat.pickup.minecraft.diamond_horse_armor":1,"stat.craftItem.minecraft.furnace":793,"stat.mineBlock.mekanism.transmitter":4,"stat.craftItem.minecraft.lapis_block":11,"stat.useItem.randomthings.advanceditemcollector":1,"stat.pickup.thermalfoundation.ore":197,"stat.craftItem.immersivepetroleum.schematic":14,"stat.drop.minecraft.golden_helmet":1,"stat.craftItem.botania.manaweavechest":1,"stat.drop.botania.sparkupgrade":1,"stat.pickup.actuallyadditions.block_breaker":11,"stat.mineBlock.minecraft.clay":160,"stat.useItem.botania.livingwood":10,"stat.drop.botania.floatingspecialflower":1,"stat.pickup.twilightforest.twilight_sapling":1,"stat.useItem.minecraft.wooden_slab":339,"stat.craftItem.minecraft.iron_block":3,"stat.pickup.thermalexpansion.dynamo":2,"stat.craftItem.minecraft.stonebrick":268,"stat.craftItem.botania.superlavapendant":1,"stat.pickup.astralsorcery.itemskyresonator":1,"stat.pickup.astralsorcery.blockcelestialgateway":64,"stat.pickup.enderio.block_enderman_skull":102,"stat.pickup.extrabotany.jingweifeather":1,"stat.mineBlock.skyresources.fusiontable":5,"stat.useItem.twilightforest.twilight_leaves_3":1,"stat.craftItem.industrialforegoing.straw":1,"stat.drop.minecraft.wool":1,"stat.killEntity.Creeper":38,"stat.pickup.minecraft.wooden_sword":1,"stat.pickup.storagedrawers.compdrawers":1,"stat.pickup.ae2wtlib.infinity_booster_card":26,"stat.craftItem.storagedrawers.upgrade_void":64,"stat.mineBlock.astralsorcery.blockobservatory":1,"stat.useItem.astralsorcery.itemusabledust":1,"stat.killEntity.Squid":7,"stat.pickup.harvestcraft.bassrawitem":7,"stat.sprintOneCm":165016,"stat.pickup.harvestcraft.tunarawitem":3,"stat.mineBlock.minecraft.stone_slab":10,"stat.pickup.botania.brewflask":2,"stat.pickup.immersiveengineering.tool":1,"stat.useItem.carryon.tile_item":419,"stat.craftItem.immersiveengineering.sheetmetal_slab":18,"stat.useItem.minecraft.snowball":93,"stat.drop.immersiveengineering.shader_bag":2,"stat.useItem.enderio.item_power_conduit":1133,"stat.craftItem.minecraft.redstone_lamp":2,"stat.pickup.minecraft.sugar":2,"stat.pickup.minecraft.vine":64,"stat.craftItem.enderio.item_yeta_wrench":1,"stat.craftItem.enderio.block_sag_mill":1,"stat.craftItem.minecraft.emerald":1314,"stat.mineBlock.bonsaitrees.bonsaipot":1,"stat.pickup.botania.miniisland":1,"stat.craftItem.torchmaster.feral_flare_lantern":64,"stat.killEntity.Zombie":182,"stat.craftItem.minecraft.dye":131,"stat.craftItem.botania.manaweavelegs":1,"stat.pickup.randomthings.eclipsedclock":1,"stat.craftItem.minecraft.diamond_axe":1,"stat.craftItem.minecraft.slime_ball":416,"stat.pickup.minecraft.wheat":212,"stat.craftItem.minecraft.sandstone":65,"stat.mineBlock.immersiveengineering.metal_device1":7,"stat.craftItem.botania.manaring":2,"stat.drop.astralsorcery.itemcraftingcomponent":4,"stat.pickup.botania.autocraftinghalo":2,"stat.mineBlock.immersiveengineering.stone_device":2,"stat.craftItem.botania.altar":1,"stat.pickup.minecraft.obsidian":1659,"stat.mineBlock.botania.spreader":1,"stat.pickup.immersivepetroleum.metal_device":1,"stat.craftItem.botania.managun":1,"stat.craftItem.extrabotany.combatmaidchest":5,"stat.useItem.skyresources.cactusfruit":14,"stat.useItem.immersiveengineering.stone_decoration":69,"stat.pickup.minecraft.coal":1921,"stat.pickup.minecraft.iron_ingot":169,"stat.craftItem.minecraft.lever":5,"stat.pickup.minecraft.gunpowder":704,"stat.craftItem.botania.miniisland":9,"stat.useItem.astralsorcery.blockritualpedestal":1,"stat.pickup.minecraft.dirt":25,"stat.useItem.astralsorcery.blockblackmarble":326,"stat.craftItem.enderio.item_end_steel_chestplate":1,"stat.pickup.astralsorcery.blockcelestialcollectorcrystal":5,"stat.pickup.harvestcraft.walleyerawitem":10,"stat.pickup.minecraft.cookie":11,"stat.pickup.immersiveengineering.powerpack":2,"stat.pickup.extrabotany.manadriverring":1,"stat.drop.botania.specialflower":1,"stat.mineBlock.minecraft.red_flower":64,"stat.mineBlock.minecraft.torch":18,"stat.craftItem.astralsorcery.itemcraftingcomponent":64,"stat.craftItem.minecraft.comparator":256,"stat.craftItem.extrabotany.judahoath":2,"stat.craftItem.minecraft.glowstone":19,"stat.craftItem.skyresources.heatprovider":2,"stat.pickup.astralsorcery.blockcustomore":14,"stat.pickup.botania.spreader":1,"stat.pickup.minecraft.rabbit_hide":12,"stat.useItem.thermalexpansion.augment":26,"stat.pickup.minecraft.record_wait":4,"stat.craftItem.skyresources.waterextractor":5,"stat.craftItem.thermalfoundation.tool.shears_diamond":1,"stat.useItem.thermalfoundation.tool.hammer_diamond":418,"stat.craftItem.tconstruct.smeltery_io":33,"stat.drop.minecraft.wheat":1,"stat.useItem.storagedrawers.drawer_key":61,"stat.pickup.tconstruct.clear_glass":2,"stat.drop.minecraft.netherrack":1,"stat.drop.botania.blacklotus":1,"stat.useItem.minecraft.item_frame":2,"stat.drop.psi.spell_bullet":1,"stat.craftItem.enderio.item_end_steel_sword":1,"stat.pickup.astralsorcery.itemcrystalpickaxe":1,"stat.useItem.minecraft.redstone_ore":36,"stat.craftItem.tconstruct.firewood":1,"stat.drop.minecraft.nether_brick":6,"stat.craftItem.extrabotany.manasteelshield":1,"stat.drop.minecraft.lever":1,"stat.pickup.astralsorcery.blockobservatory":2,"stat.craftItem.minecraft.cookie":64,"stat.craftItem.astralsorcery.blockinfusedwood":48,"stat.mobKills":1295,"stat.mineBlock.minecraft.bookshelf":1,"stat.drop.botania.lexicon":1,"stat.pickup.minecraft.diamond":17,"stat.pickup.minecraft.beetroot_seeds":4,"stat.pickup.astralsorcery.blockmarble":322,"stat.useItem.enderio.item_item_conduit":745,"stat.pickup.botania.livingrock":488,"stat.craftItem.enderio.item_basic_capacitor":112,"stat.pickup.botania.elementiumsword":3,"stat.killEntity.Blaze":9,"stat.drop.tconstruct.pickaxe":1,"stat.craftItem.botania.manasteelchest":2,"stat.pickup.minecraft.golden_boots":2,"stat.craftItem.immersiveengineering.treated_wood_slab":18,"stat.pickup.minecraft.glowstone_dust":1291,"stat.useItem.botania.pool":7,"stat.craftItem.botania.hourglass":32,"stat.useItem.thermalfoundation.upgrade":5,"stat.mineBlock.minecraft.nether_brick_fence":1,"stat.pickup.bibliocraft.fancysign":1,"stat.drop.enderio.item_travel_staff":2,"stat.pickup.extrabotany.recordherrscher":1,"stat.pickup.minecraft.observer":1,"stat.useItem.thermaldynamics.relay":1,"stat.craftItem.tconstruct.casting":14,"stat.pickup.astralsorcery.blockattunementaltar":1,"stat.pickup.astralsorcery.itemchargedcrystalpickaxe":1,"stat.pickup.minecraft.chainmail_chestplate":2,"stat.pickup.astralsorcery.blockrituallink":3,"stat.craftItem.extrabotany.cosmeticmaidlegs":1,"stat.pickup.extrabotany.ultimatehammer":3,"stat.hopperInspected":185,"stat.drop.minecraft.diamond":4,"stat.pickup.astralsorcery.itemjournal":7,"stat.pickup.minecraft.ghast_tear":15,"stat.craftItem.extrabotany.supercrown":2,"stat.craftItem.enderio.item_material":3198,"stat.craftItem.minecraft.magma_cream":84,"stat.craftItem.storagedrawers.upgrade_template":128,"stat.useItem.actuallyadditions.block_breaker":19,"stat.pickup.minecraft.wooden_button":1,"stat.craftItem.thermalfoundation.material":107,"stat.pickup.astralsorcery.iteminfusedglass":2,"stat.mineBlock.minecraft.lapis_block":1,"stat.mineBlock.enderio.block_alloy_smelter":2,"stat.pickup.botania.spark":129,"stat.craftItem.botania.manasteelshovel":1,"stat.pickup.skyresources.casing":2,"stat.useItem.thermaldynamics.duct_0":10,"stat.mineBlock.tconstruct.seared_glass":12,"stat.killEntity.Horse":3,"stat.useItem.botania.petal":36,"stat.useItem.betterbuilderswands.wanddiamond":285,"stat.pickup.minecraft.pumpkin_seeds":13,"stat.craftItem.chisel.chisel_diamond":1,"stat.craftItem.immersiveengineering.material":183,"stat.pickup.harvestcraft.tilapiarawitem":8,"stat.pickup.ironchest.iron_chest":18,"stat.pickup.minecraft.mycelium":1,"stat.pickup.minecraft.blaze_rod":695,"stat.useItem.immersiveengineering.wooden_device0":3,"stat.craftItem.minecraft.diamond_block":7,"stat.drop.minecraft.chest":3,"stat.mineBlock.astralsorcery.blockmapdrawingtable":1,"stat.craftItem.extrabotany.cosmeticmaidchest":1,"stat.pickup.minecraft.netherrack":1759,"stat.mineBlock.botania.specialflower":7,"stat.pickup.minecraft.pumpkin":4,"stat.craftItem.skyresources.fluiddropper":1,"stat.craftItem.extrabotany.cosmeticmaidhelm":1,"stat.pickup.minecraft.waterlily":1,"stat.pickup.extrabotany.lens":1,"stat.mineBlock.minecraft.ice":11,"stat.pickup.astralsorcery.itemchargedcrystalshovel":1,"stat.pickup.extrabotany.magicfinger":1,"stat.mineBlock.immersiveengineering.wooden_decoration":1,"stat.craftItem.minecraft.flint":929,"stat.drop.astralsorcery.blockcelestialcollectorcrystal":3,"stat.useItem.minecraft.experience_bottle":22,"stat.drop.minecraft.stone":1,"stat.pickup.skyresources.cactusfruit":54,"stat.pickup.minecraft.melon_seeds":2,"stat.craftItem.botania.bifrostperm":16,"stat.pickup.minecraft.golden_leggings":2,"stat.dropperInspected":3,"stat.pickup.astralsorcery.itemcrystalaxe":1,"stat.useItem.minecraft.golden_rail":77,"stat.drop.minecraft.bone":2,"stat.craftItem.minecraft.wooden_button":1,"stat.useItem.minecraft.furnace":30,"stat.craftItem.tconstruct.materials":9,"stat.pickup.harvestcraft.greenheartfishitem":9,"stat.killEntity.Llama":2,"stat.mineBlock.botania.pool":6,"stat.useItem.openblocks.block_placer":42,"stat.useItem.skyresources.ironfreezer":2,"stat.pickup.randomthings.ingredient":6,"stat.mineBlock.minecraft.snow":1,"stat.mineBlock.minecraft.gravel":5,"stat.useItem.skyresources.minifreezer":1,"stat.craftItem.tinker_io.fuel_input_machine":1,"stat.pickup.immersivepetroleum.material":23,"stat.pickup.minecraft.flint_and_steel":2,"stat.pickup.mekanism.ingot":56,"stat.useItem.minecraft.torch":158,"stat.pickup.enderio.item_redstone_conduit":1,"stat.drop.botania.flower":2,"stat.craftItem.minecraft.redstone_block":11,"stat.useItem.enderio.item_redstone_conduit":29,"stat.craftItem.extrabotany.manareader":1,"stat.useItem.minecraft.log":301,"stat.pickup.minecraft.crafting_table":8,"stat.craftItem.minecraft.crafting_table":17,"stat.pickup.industrialforegoing.sewage_composter_solidifier":1,"stat.pickup.astralsorcery.itemtunedcelestialcrystal":2,"stat.pickup.astralsorcery.blockborehead":1,"stat.pickup.enderio.block_simple_alloy_smelter":1,"stat.mineBlock.actuallyadditions.block_breaker":11,"stat.mineBlock.minecraft.emerald_ore":640,"stat.pickup.minecraft.redstone_block":26,"stat.mineBlock.chisel.stonebrick":101,"stat.craftItem.sc.compressedstone":64,"stat.drop.minecraft.stonebrick":2,"stat.pickup.astralsorcery.blockaltar":3,"stat.craftItem.enderio.item_basic_item_filter":64,"stat.craftItem.betterbuilderswands.wanddiamond":1,"stat.craftItem.harvestcraft.bakewareitem":1,"stat.pickup.minecraft.web":2,"stat.drop.minecraft.planks":3,"stat.pickup.minecraft.sapling":143,"stat.pickup.extrabotany.rewardbag":614,"stat.useItem.extrabotany.nightmarefuel":6,"stat.mineBlock.enderio.block_cap_bank":4,"stat.craftItem.astralsorcery.blockaltar":1,"stat.drop.storagedrawers.upgrade_void":3,"stat.drop.minecraft.bow":2,"stat.pickup.enderio.item_travel_staff":3,"stat.mineBlock.tconstruct.toolforge":1,"stat.killEntity.WitherSkeleton":49,"stat.pickup.skyresources.crucibleinserter":2,"stat.mineBlock.mekanism.machineblock":1,"stat.drop.botania.terrapick":1,"stat.pickup.minecraft.rabbit":15,"stat.craftItem.botania.twigwand":1,"stat.pickup.minecraft.stone_slab":12,"stat.drop.minecraft.yellow_flower":1,"stat.pickup.minecraft.yellow_flower":43,"stat.useItem.enderio.item_conduit_facade":175,"stat.pickup.minecraft.golden_rail":15,"stat.drop.minecraft.wooden_axe":2,"stat.drop.botania.autocraftinghalo":1,"stat.craftItem.enderio.block_farm_station":1,"stat.pickup.minecraft.bone":250,"stat.pickup.minecraft.redstone_torch":13,"stat.drop.minecraft.glowstone_dust":2,"stat.useItem.immersiveengineering.conveyor":19,"stat.mineBlock.immersiveengineering.metal_multiblock":2,"stat.pickup.immersiveengineering.wooden_device0":1,"stat.mineBlock.minecraft.brown_mushroom":9,"stat.useItem.minecraft.diamond_sword":111,"stat.climbOneCm":1852,"stat.pickup.enderio.block_sag_mill":1,"stat.craftItem.minecraft.gold_block":1,"stat.craftItem.botania.manasteelsword":1,"stat.pickup.thermalexpansion.machine":1,"stat.drop.extrabotany.supercrown":2,"stat.enderchestOpened":46,"stat.useItem.sc.compressedlogbirch":5,"stat.pickup.minecraft.golden_helmet":2,"stat.craftItem.skyresources.condenser":1,"stat.craftItem.immersiveengineering.wooden_decoration":33,"stat.useItem.botania.waterrod":1,"stat.pickup.skyresources.crucible":2,"stat.pickup.minecraft.anvil":2,"stat.useItem.minecraft.iron_ore":14,"stat.craftItem.minecraft.trapdoor":64,"stat.mineBlock.botania.shimmerrock":16,"stat.craftItem.extrabotany.combatmaidboots":1,"stat.pickup.minecraft.cobblestone":9403,"stat.craftItem.extrabotany.terrasteelhammer":2,"stat.craftItem.minecraft.glass_bottle":198,"stat.pickup.minecraft.soul_sand":1028,"stat.pickup.botania.terrapick":2,"stat.pickup.minecraft.cactus":18,"stat.pickup.minecraft.dragon_egg":1,"stat.drop.minecraft.clay_ball":2,"stat.pickup.minecraft.redstone":595,"stat.craftItem.minecraft.dispenser":1,"stat.useItem.mekanism.transmitter":8,"stat.craftItem.minecraft.book":3,"stat.mineBlock.minecraft.iron_ore":1,"stat.useItem.botania.corporeaspark":19,"stat.pickup.actuallyadditions.item_rice_seed":10,"stat.pickup.extrabotany.mastermanaring":1,"stat.craftItem.minecraft.cake":1,"stat.drop.minecraft.coal":4,"stat.drop.minecraft.iron_bars":1,"stat.useItem.immersivepetroleum.schematic":12,"stat.mineBlock.thermalfoundation.ore":1,"stat.drop.minecraft.dirt":1,"stat.craftItem.enderio.block_alloy_smelter":1,"stat.pickup.openblocks.trophy":1,"stat.craftItem.tconstruct.soil":256,"stat.craftItem.botania.travelbelt":1,"stat.pickup.tconstruct.smeltery_controller":4,"stat.pickup.botania.manaweaveboots":1,"stat.craftItem.enderio.item_conduit_facade":128,"stat.pickup.botania.petal":1560,"stat.pickup.extrabotany.treasurebox":9,"stat.craftItem.botania.manaresource":247,"stat.craftItem.enderio.item_end_steel_leggings":2,"stat.killEntity.ancient_golem":16,"stat.craftItem.minecraft.stick":328,"stat.pickup.tinker_io.upg":68,"stat.craftItem.sc.compressedgravel":92,"stat.craftItem.botania.vial":3,"stat.craftItem.minecraft.gold_nugget":405,"stat.pickup.minecraft.grass":1,"stat.craftItem.extrabotany.excaliber":1,"stat.pickup.minecraft.golden_horse_armor":4,"stat.pickup.industrialforegoing.black_hole_tank":4,"stat.craftItem.enderio.block_soul_binder":1,"stat.pickup.botania.flower":139,"stat.mineBlock.minecraft.planks":149,"stat.drop":258,"stat.drop.astralsorcery.itemtunedrockcrystal":3,"stat.killEntity.Sheep":7,"stat.pickup.sakura.tomato_seeds":3,"stat.useItem.tconstruct.seared":478,"stat.drop.minecraft.redstone_block":1,"stat.mineBlock.astralsorcery.blockmachine":3,"stat.useItem.bibliocraft.fancysign":19,"stat.pickup.mekanism.basicblock":135,"stat.craftItem.botania.lavapendant":1,"stat.craftItem.minecraft.piston":128,"stat.pickup.botania.lens":42,"stat.mineBlock.botania.doubleflower2":14,"stat.useItem.immersiveengineering.tool":76,"stat.mineBlock.botania.doubleflower1":28,"stat.mineBlock.minecraft.anvil":1,"stat.useItem.minecraft.apple":10,"stat.craftItem.enderio.item_xp_transfer":1,"stat.useItem.minecraft.potion":2,"stat.pickup.botania.crystalbow":1,"stat.pickup.extrabotany.material":90,"stat.craftItem.botania.pestleandmortar":1,"stat.mineBlock.enderio.block_sag_mill":1,"stat.pickup.enderio.item_item_conduit":17,"stat.pickup.actuallyadditions.block_misc":8,"stat.useItem.botania.manasteelaxe":992,"stat.pickup.astralsorcery.itemusabledust":68,"stat.craftItem.minecraft.flint_and_steel":1,"stat.pickup.industrialforegoing.ore_sieve":1,"stat.pickup.actuallyadditions.item_coffee_seed":5,"stat.mineBlock.tconstruct.tooltables":9,"stat.craftItem.randomthings.timeinabottle":1,"stat.craftItem.sc.compressednetherrack":64,"stat.craftItem.minecraft.iron_bars":896,"stat.mineBlock.minecraft.furnace":16,"stat.useItem.enderio.item_liquid_conduit":289,"stat.pickup.minecraft.prismarine_shard":113,"stat.drop.minecraft.water_bucket":1,"stat.pickup.botania.sparkupgrade":41,"stat.craftItem.botania.manatablet":5,"stat.pickup.conarm.book":2,"stat.pickup.skyresources.minifreezer":2,"stat.pickup.minecraft.emerald_block":10,"stat.damageDealt":52942,"stat.craftItem.minecraft.bowl":12,"stat.pickup.sakura.radish_seeds":2,"stat.pickup.actuallyadditions.item_canola_seed":5,"stat.craftItem.skyresources.sandstoneinfusionstone":1,"stat.useItem.minecraft.crafting_table":10,"stat.useItem.botania.floatingspecialflower":55,"stat.craftItem.mekanism.atomicdisassembler":1,"stat.pickup.minecraft.stick":85,"stat.craftItem.storagedrawers.customtrim":1,"stat.pickup.mekanism.oreblock":20,"stat.pickup.immersiveengineering.storage":3,"stat.pickup.tinker_io.ore_crusher":2,"stat.useItem.enderio.item_soul_vial":1,"stat.useItem.actuallyadditions.item_phantom_connector":67,"stat.craftItem.harvestcraft.mortarandpestleitem":1,"stat.useItem.minecraft.redstone_block":25,"stat.pickup.openblocks.info_book":1,"stat.killEntity.twilightforest.deer":1,"stat.pickup.thermaldynamics.servo":1,"stat.killEntity.Chicken":35,"stat.drop.minecraft.crafting_table":1,"stat.craftItem.minecraft.tnt":1,"stat.craftItem.immersivepetroleum.metal_device":1,"stat.drop.industrialforegoing.meat_feeder":1,"stat.craftItem.minecraft.jungle_fence":60,"stat.pickup.tinker_io.solidfuel":1694,"stat.mineBlock.minecraft.leaves":285,"stat.pickup.enderio.block_simple_sag_mill":1,"stat.mineBlock.tconstruct.seared":96,"stat.pickup.industrialforegoing.fertilizer":766,"stat.craftItem.botania.manaringgreater":1,"stat.killEntity.twilightforest.wild_boar":1,"stat.craftItem.enderio.block_cap_bank":1,"stat.pickup.thermaldynamics.cover":11,"stat.mineBlock.astralsorcery.blockstructural":1,"stat.useItem.tconstruct.hatchet":394,"stat.beaconInteraction":5,"stat.pickup.minecraft.wooden_slab":258,"stat.pickup.astralsorcery.blockcollectorcrystal":11,"stat.craftItem.minecraft.diamond_hoe":1,"stat.craftItem.skyresources.minifreezer":4,"stat.pickup.astralsorcery.itemhandtelescope":1,"stat.leaveGame":16,"stat.craftItem.botania.shinyflower":9,"stat.killEntity.Parrot":3,"stat.pickup.minecraft.jungle_fence":2,"stat.pickup.tconstruct.edible":4,"stat.craftItem.minecraft.ender_eye":22,"stat.pickup.botania.corporeaspark":50,"stat.pickup.psi.spell_bullet":1,"stat.killEntity.PigZombie":41,"stat.pickup.skyresources.baseitemcomponent":100,"stat.pickup.botania.terrasword":1,"stat.pickup.botania.manasteelhelm":1,"stat.craftItem.minecraft.shield":4,"stat.useItem.chisel.brownstone":1,"stat.craftItem.botania.lens":5,"stat.pickup.immersiveengineering.conveyor":4,"stat.craftItem.enderio.item_liquid_conduit":1352,"stat.pickup.harvestcraft.calamarirawitem":13,"stat.craftItem.enderio.item_redstone_conduit":256,"stat.craftItem.skyresources.ironfreezer":2,"stat.mineBlock.minecraft.wooden_slab":548,"stat.pickup.minecraft.leather_boots":5,"stat.pickup.enderio.item_broken_spawner":1,"stat.craftItem.botania.autocraftinghalo":1,"stat.killEntity.Witch":48,"stat.drop.minecraft.sand":3,"stat.killEntity.MushroomCow":2,"stat.drop.minecraft.gold_ingot":2,"stat.craftItem.enderstorage.ender_storage":64,"stat.mineBlock.tconstruct.clear_glass":4,"stat.craftItem.extrabotany.natureorb":1,"stat.pickup.harvestcraft.spiderweb_sapling":5,"stat.mineBlock.astralsorcery.blockrituallink":1,"stat.craftItem.mekanism.configurator":1,"stat.mineBlock.minecraft.hopper":11,"stat.mineBlock.minecraft.vine":64,"stat.pickup.thermalfoundation.material":26,"stat.pickup.minecraft.record_far":1,"stat.drop.minecraft.gravel":1,"stat.pickup.botania.thornchakram":9,"stat.mineBlock.botania.flower":47,"stat.killEntity.ZombieVillager":5,"stat.craftItem.harvestcraft.cocoapowderitem":64,"stat.craftItem.immersiveengineering.blueprint":3,"stat.craftItem.sc.compressedwaterextractor":1,"stat.drop.minecraft.red_flower":9,"stat.craftItem.industrialforegoing.dryrubber":12,"stat.pickup.botania.manasteelboots":1,"stat.pickup.harvestcraft.grouperrawitem":9,"stat.pickup.botania.livingwood":447,"stat.pickup.minecraft.beef":32,"stat.mineBlock.torchmaster.feral_flare_lantern":20,"stat.pickup.chisel.stonebrick":78,"stat.craftItem.enderio.item_end_steel_helmet":1,"stat.pickup.storagedrawers.controllerslave":1,"stat.pickup.minecraft.leather_helmet":1,"stat.mineBlock.industrialforegoing.sewage_composter_solidifier":1,"stat.useItem.minecraft.trapdoor":3,"stat.useItem.botania.spreader":1,"stat.pickup.skyresources.dirtygem":445,"stat.useItem.minecraft.dark_oak_door":1,"stat.mineBlock.thermalexpansion.dynamo":1,"stat.craftItem.botania.terrasteellegs":2,"stat.pickup.immersiveengineering.shader":6,"stat.pickup.minecraft.potion":3,"stat.craftItem.botania.runealtar":1,"stat.craftItem.minecraft.dropper":3,"stat.pickup.extrabotany.combatmaidhelm":2,"stat.mineBlock.enderstorage.ender_storage":6,"stat.mineBlock.skyresources.crucibleinserter":4,"stat.useItem.minecraft.nether_brick":2,"stat.pickup.enderio.item_liquid_conduit":23,"stat.pickup.randomthings.advanceditemcollector":1,"stat.craftItem.immersiveengineering.metal":371,"stat.drop.minecraft.glass_bottle":1,"stat.craftItem.botania.livingwood":3,"stat.mineBlock.minecraft.tallgrass":590,"stat.pickup.extrabotany.nightmarefuel":222,"stat.pickup.tconstruct.seared":90,"stat.mineBlock.chisel.planks-birch":6,"stat.pickup.mekanism.transmitter":4,"stat.pickup.botania.manasteelpick":1,"stat.useItem.minecraft.stone":388,"stat.pickup.minecraft.arrow":196,"stat.pickup.botania.manasteellegs":1,"stat.craftItem.mekanism.machineblock":1,"stat.pickup.minecraft.wooden_pressure_plate":1,"stat.killEntity.Ghast":14,"stat.pickup.extrautils2.compressedcobblestone":17,"stat.craftItem.extrabotany.material":18,"stat.pickup.astralsorcery.itemcrystalsword":1,"stat.pickup.tconstruct.cast_custom":71,"stat.mineBlock.minecraft.chest":55,"stat.craftItem.skyresources.heat":4,"stat.mineBlock.minecraft.hardened_clay":1,"stat.craftItem.minecraft.hopper":142,"stat.useItem.minecraft.emerald_ore":11,"stat.pickup.minecraft.nether_brick_fence":1,"stat.pickup.astralsorcery.blockstarlightinfuser":2,"stat.pickup.botanicbonsai.botanic_bonsai_pot":128,"stat.drop.botania.crystalbow":1,"stat.craftItem.botania.flighttiara":1,"stat.useItem.minecraft.reeds":4,"stat.pickup.harvestcraft.herringrawitem":4,"stat.craftItem.minecraft.nether_brick":2,"stat.pickup.tconstruct.binding":4,"stat.pickup.minecraft.wheat_seeds":171,"stat.mineBlock.minecraft.glass":27,"stat.mineBlock.minecraft.dirt":54,"stat.useItem.botania.manasteelshovel":31,"stat.pickup.minecraft.poisonous_potato":1,"stat.pickup.skyresources.condenser":5,"stat.pickup.immersiveengineering.seed":3,"stat.useItem.skyresources.sandstoneinfusionstone":7,"stat.pickup.industrialforegoing.meat_feeder":2,"stat.useItem.minecraft.cobblestone":31,"stat.useItem.minecraft.gravel":1,"stat.mineBlock.minecraft.double_plant":2,"stat.minecartOneCm":67738,"stat.craftItem.botania.felpumpkin":1,"stat.pickup.botania.blacklotus":24,"stat.pickup.openblocks.block_breaker":1,"stat.useItem.tconstruct.pickaxe":7804,"stat.drop.minecraft.carrot":2,"stat.mineBlock.astralsorcery.blockattunementrelay":23,"stat.pickup.minecraft.hopper":14,"stat.mineBlock.chisel.stonebrick1":1,"stat.craftItem.extrabotany.cosmeticmaidboots":1,"stat.useItem.minecraft.tallgrass":6,"stat.pickup.minecraft.apple":10,"stat.craftItem.immersiveengineering.tool":18,"stat.killEntity.ElderGuardian":1,"stat.craftItem.skyresources.fusiontable":1,"stat.useItem.mekanism.atomicdisassembler":39,"stat.pickup.skyresources.blazepowderblock":157,"stat.mineBlock.minecraft.log":532,"stat.craftItem.botania.pylon":78,"stat.pickup.embers.ancient_motive_core":12,"stat.craftItem.minecraft.paper":402,"stat.mineBlock.storagedrawers.controllerslave":1,"stat.pickup.minecraft.red_flower":82,"stat.craftItem.botania.terrasteelhelm":2,"stat.pickup.minecraft.wool":8,"stat.pickup.immersiveengineering.connector":12,"stat.drop.botania.manaresource":5,"stat.useItem.minecraft.chorus_fruit":1,"stat.pickup.extrabotany.combatmaidlegs":2,"stat.useItem.minecraft.wooden_axe":8,"stat.craftItem.tconstruct.tinker_tank_controller":1,"stat.drop.botania.spark":1,"stat.drop.minecraft.grass":1,"stat.pickup.astralsorcery.blockblackmarble":25,"stat.mineBlock.skyresources.crucible":3,"stat.mineBlock.chisel.paper":62,"stat.craftItem.storagedrawers.basicdrawers":193,"stat.useItem.minecraft.iron_axe":58,"stat.craftItem.sc.compressedlogbirch":64,"stat.mineBlock.minecraft.yellow_flower":29,"stat.pickup.astralsorcery.itemcelestialcrystal":26,"stat.drop.thermalfoundation.material":4,"stat.craftItem.minecraft.wool":67,"stat.craftItem.enderio.item_alloy_ingot":314,"stat.useItem.thermaldynamics.cover":564,"stat.mineBlock.astralsorcery.blockcustomore":25,"stat.craftItem.botania.cosmetic":1,"stat.pickup.harvestcraft.jellyfishrawitem":11,"stat.useItem.botania.shimmerrock":30,"stat.pickup.minecraft.enchanted_book":3,"stat.craftItem.extrabotany.failnaught":1,"stat.craftItem.skyresources.stonegrinder":1,"stat.useItem.openblocks.elevator":21,"stat.useItem.minecraft.obsidian":11,"stat.craftItem.botania.manasteelhelm":2,"stat.pickup.industrialforegoing.range_addon":1,"stat.mineBlock.ironchest.iron_chest":22,"stat.pickup.minecraft.bow":14,"stat.pickup.astralsorcery.blockbore":2,"stat.craftItem.botania.manasteelaxe":1,"stat.useItem.minecraft.egg":6,"stat.useItem.tconstruct.clear_glass":1,"stat.mineBlock.minecraft.obsidian":1659,"stat.drop.harvestcraft.troutrawitem":1,"stat.craftItem.minecraft.bow":2,"stat.flyOneCm":36683525,"stat.pickup.actuallyadditions.item_booklet":1,"stat.pickup.minecraft.fish":36,"stat.mineBlock.immersiveengineering.metal_decoration1":21,"stat.mineBlock.immersiveengineering.metal_decoration0":15,"stat.craftItem.botania.dye":214,"stat.craftItem.minecraft.emerald_block":235,"stat.pickup.botania.manaweavechest":1,"stat.timeSinceDeath":2275530,"stat.pickup.astralsorcery.itemcrystalshovel":1,"stat.craftItem.botania.phantomink":96,"stat.craftItem.extrabotany.achilleshield":1,"stat.cauldronFilled":1,"stat.pickup.botania.manasteelaxe":1,"stat.craftItem.minecraft.purpur_block":4,"stat.craftItem.immersiveengineering.treated_wood":256,"stat.mineBlock.botania.livingwood":385,"stat.craftItem.extrabotany.coregod":2,"stat.pickup.astralsorcery.blockprism":6,"stat.craftItem.tconstruct.seared":898,"stat.pickup.minecraft.nether_wart":33,"stat.mineBlock.astralsorcery.blockblackmarble":25,"stat.pickup.openblocks.vacuum_hopper":1,"stat.drop.mekanism.oreblock":2,"stat.drop.astralsorcery.itemrockcrystalsimple":48,"stat.craftItem.minecraft.stone_hoe":1,"stat.pickup.extrautils2.ingredients":142,"stat.pickup.botania.manaresource":8020,"stat.drop.minecraft.spawn_egg":1,"stat.pickup.minecraft.string":56,"stat.pickup.astralsorcery.blockmachine":6,"stat.craftItem.tconstruct.tooltables":2,"stat.pickup.enderio.block_cap_bank":4,"stat.useItem.extrabotany.material":1,"stat.craftItem.botania.manasteellegs":2,"stat.useItem.enderstorage.ender_storage":8,"stat.mineBlock.minecraft.diamond_ore":1,"stat.craftItem.skyresources.casing":5,"stat.craftItem.extrabotany.mastermanaring":1,"stat.craftItem.botania.manasteelpick":1,"stat.craftItem.minecraft.speckled_melon":1,"stat.pickup.minecraft.spawn_egg":8,"stat.craftItem.minecraft.fish":3,"stat.craftItem.minecraft.end_portal_frame":12,"stat.craftItem.immersiveengineering.wirecoil":24,"stat.pickup.minecraft.snowball":1035,"stat.killEntity.Guardian":1,"stat.pickup.immersiveengineering.shader_bag":22,"stat.diveOneCm":467430,"stat.pickup.chisel.stonebrick1":1,"stat.pickup.tconstruct.tooltables":5,"stat.pickup.storagedrawers.basicdrawers":5,"stat.pickup.botania.grassseeds":128,"stat.mineBlock.industrialforegoing.animal_byproduct_recolector":1,"stat.craftItem.sc.compressedcobblestone":156,"stat.useItem.bonsaitrees.bonsaipot":4,"stat.craftItem.botania.terrasword":1,"stat.useItem.immersiveengineering.metal_decoration1_slab":31,"stat.pickup.astralsorcery.blockritualpedestal":2,"stat.craftItem.minecraft.diamond_sword":1,"stat.pickup.extrautils2.itembuilderswand":2,"stat.pickup.skyresources.orealchdust":413,"stat.pickup.industrialforegoing.animal_byproduct_recolector":1,"stat.jump":85066,"stat.useItem.minecraft.sand":138,"stat.craftItem.industrialforegoing.block_destroyer":1,"stat.craftItem.mekanism.transmitter":2048,"stat.craftItem.minecraft.torch":32,"stat.useItem.minecraft.glass":28,"stat.useItem.minecraft.sapling":106,"stat.pickup.minecraft.gold_ore":10,"stat.pickup.actuallyadditions.item_flax_seed":4,"stat.damageTaken":37381,"stat.pickup.botania.doubleflower2":14,"stat.mineBlock.minecraft.melon_block":1,"stat.pickup.botania.doubleflower1":28,"stat.pickup.immersiveengineering.metal":2,"stat.mineBlock.minecraft.sapling":15,"stat.mineBlock.skyresources.casing":2,"stat.mineBlock.astralsorcery.blocklens":3,"stat.pickup.minecraft.log2":29,"stat.drop.minecraft.nether_brick_fence":1,"stat.pickup.tconstruct.ingots":250,"stat.pickup.minecraft.potato":128,"stat.mineBlock.botania.alchemycatalyst":1,"stat.useItem.forge.bucketfilled":52,"stat.pickup.harvestcraft.carprawitem":1,"stat.useItem.immersiveengineering.metal_device0":1,"stat.useItem.immersiveengineering.metal_device1":407,"stat.craftItem.chisel.chisel_hitech":1,"stat.drop.minecraft.mob_spawner":1,"stat.drop.botania.petal":4,"stat.craftItem.minecraft.stone_slab":126,"stat.useItem.tconstruct.shovel":1,"stat.craftItem.immersiveengineering.cloth_device":2,"stat.useItem.immersiveengineering.storage":127,"stat.animalsBred":4,"stat.useItem.minecraft.chest":48,"stat.useItem.botania.spark":38,"stat.useItem.sc.compressedgravel":9,"stat.craftItem.skyresources.compressedcoalblock":8,"stat.mineBlock.immersiveengineering.sheetmetal":2,"stat.useItem.tconstruct.faucet":8,"stat.mineBlock.industrialforegoing.ore_sieve":1,"stat.useItem.sc.compressedwaterextractor":1,"stat.mineBlock.astralsorcery.blockwell":4,"stat.pickup.harvestcraft.troutrawitem":8,"stat.drop.minecraft.potato":2,"stat.pickup.minecraft.ender_pearl":476,"stat.pickup.botania.managlass":128,"stat.useItem.minecraft.netherrack":10,"stat.craftItem.minecraft.bookshelf":1,"stat.craftItem.enderio.block_enhanced_alloy_smelter":2,"stat.useItem.chisel.planks-birch":2,"stat.killEntity.twilightforest.bighorn_sheep":1,"stat.pickup.twilightforest.raw_venison":4,"stat.useItem.botania.livingrock":6,"stat.craftItem.minecraft.shears":4,"stat.pickup.botania.floatingspecialflower":68,"stat.useItem.appliedenergistics2.drive":3,"stat.craftItem.botania.spreader":68,"stat.pickup.minecraft.iron_horse_armor":4,"stat.pickup.minecraft.torch":83,"stat.useItem.thermaldynamics.servo":12,"stat.mineBlock.astralsorcery.blockprism":5,"stat.craftItem.mekanism.controlcircuit":128,"stat.useItem.randomthings.timeinabottle":288,"stat.pickup.tconstruct.book":5,"stat.mineBlock.storagedrawers.basicdrawers":15,"stat.pickup.tconstruct.wooden_hopper":7,"stat.mineBlock.bibliocraft.fancysign":2,"stat.craftItem.minecraft.iron_axe":1,"stat.killEntity.Ozelot":1,"stat.mineBlock.enderio.block_simple_sag_mill":1,"stat.pickup.minecraft.lapis_block":1,"stat.pickup.astralsorcery.itemconstellationpaper":28,"stat.useItem.astralsorcery.blockwell":4,"stat.mineBlock.botania.root":20,"stat.drop.minecraft.trapdoor":1,"stat.useItem.sc.compressedcobblestone":15,"stat.pickup.minecraft.fishing_rod":2,"stat.useItem.minecraft.planks":570,"stat.craftItem.enderio.block_end_iron_bars":256,"stat.craftItem.botania.elementiumsword":1,"stat.pickup.enderstorage.ender_storage":6,"stat.pickup.minecraft.porkchop":17,"stat.useItem.thermalfoundation.ore":1,"stat.pickup.minecraft.blaze_powder":94,"stat.pickup.minecraft.glass":50,"stat.craftItem.astralsorcery.itemwand":1,"stat.craftItem.immersiveengineering.metal_device1":87,"stat.useItem.minecraft.water_bucket":46,"stat.pickup.minecraft.sand":7502,"stat.craftItem.minecraft.golden_apple":2,"stat.pickup.astralsorcery.blockinfusedwood":80,"stat.pickup.minecraft.hardened_clay":1,"stat.craftItem.mekanism.basicblock":141,"stat.pickup.botania.dice":14,"stat.drop.mekanism.atomicdisassembler":1,"stat.pickup.minecraft.name_tag":1,"stat.mineBlock.openblocks.tank":4,"stat.craftItem.extrabotany.combatmaidlegs":1,"stat.mineBlock.openblocks.vacuum_hopper":1,"stat.drop.immersiveengineering.shader":1,"stat.craftItem.enderio.item_end_steel_axe":1,"stat.useItem.minecraft.brown_mushroom":12,"stat.useItem.minecraft.ender_pearl":3,"stat.pickup.harvestcraft.charrrawitem":5,"stat.pickup.botania.manasteelchest":1,"stat.pickup.sakura.eggplant_seeds":2,"stat.useItem.openblocks.trophy":1,"stat.mineBlock.openblocks.block_placer":32,"stat.pickup.immersiveengineering.coresample":15,"stat.drop.astralsorcery.itemjournal":1,"stat.useItem.minecraft.spawn_egg":90,"stat.pickup.extrabotany.cosmetic":2,"stat.craftItem.enderio.block_experience_obelisk":1,"stat.craftItem.minecraft.golden_carrot":1,"stat.useItem.astralsorcery.blockattunementrelay":36,"stat.pickup.actuallyadditions.item_solidified_experience":542,"stat.pickup.embers.archaic_brick":87,"stat.useItem.extrabotany.spiritfuel":2,"stat.craftItem.botania.dirtrod":1,"stat.pickup.minecraft.furnace":16,"stat.useItem.minecraft.redstone":65,"stat.pickup.tconstruct.cast":28,"stat.craftItem.industrialforegoing.range_addon":1,"stat.pickup.minecraft.skull":32,"stat.craftItem.botania.craftinghalo":1,"stat.craftItem.enderio.block_simple_furnace":1,"stat.craftItem.botania.shimmerrock":16,"stat.useItem.tconstruct.seared_glass":301,"stat.craftItem.extrabotany.terrasteelshield":1,"stat.craftItem.minecraft.sand":828,"stat.pickup.twilightforest.raven_feather":4,"stat.useItem.minecraft.hopper":31,"stat.pickup.harvestcraft.perchrawitem":4,"stat.pickup.botania.pinkinator":1,"stat.pickup.botania.overgrowthseed":14,"stat.craftItem.enderio.block_simple_alloy_smelter":1,"stat.pickup.immersiveengineering.wooden_decoration":2,"stat.craftItem.enderio.block_tank":1,"stat.craftItem.minecraft.cactus":9,"stat.playOneMinute":11851189,"stat.mineBlock.minecraft.brown_mushroom_block":199,"stat.pickup.eplus.advanced_table":2,"stat.pickup.minecraft.iron_bars":10,"stat.pickup.minecraft.dispenser":1,"stat.pickup.extrabotany.rewardbag943":3,"stat.craftItem.immersiveengineering.wooden_device0":5,"stat.mineBlock.skyresources.combustioncollector":1,"stat.pickup.chisel.paper":46,"stat.craftItem.minecraft.carpet":3,"stat.mineBlock.minecraft.netherrack":4102,"stat.pickup.astralsorcery.itemchargedcrystalaxe":1,"stat.fallOneCm":32722,"stat.drop.minecraft.dye":2,"stat.mineBlock.skyresources.quickdropper":1,"stat.craftItem.minecraft.chest":476,"stat.mineBlock.minecraft.lever":4,"stat.mineBlock.botania.livingrock":291,"stat.craftItem.botania.manasteelshears":1,"stat.craftItem.astralsorcery.blockblackmarble":512,"stat.pickup.minecraft.feather":64,"stat.mineBlock.conarm.armorforge":1,"stat.pickup.extrabotany.supercrown":1,"stat.craftItem.enderio.item_soul_vial":1,"stat.pickup.botania.twigwand":1,"stat.craftItem.tconstruct.seared_tank":2,"stat.killEntity.Rabbit":4,"stat.pickup.minecraft.chainmail_boots":1,"stat.pickup.botania.specialflower":22,"stat.drop.minecraft.stick":1,"stat.useItem.minecraft.iron_bars":1,"stat.pickup.minecraft.record_13":1,"stat.pickup.botania.pylon":18,"stat.useItem.skyresources.casing":3,"stat.pickup.astralsorcery.itemfragmentcapsule":1,"stat.useItem.ironchest.iron_chest":35,"stat.pickup.enderio.item_extract_speed_upgrade":75,"stat.craftItem.botania.manaweaveboots":1,"stat.craftItem.randomthings.ingredient":1,"stat.pickup.minecraft.log":23700,"stat.useItem.botania.specialflower":13,"stat.mineBlock.eplus.advanced_table":2,"stat.pickup.mekanism.machineblock":1,"stat.useItem.extrabotany.firstfractal":17,"stat.mineBlock.astralsorcery.blockcollectorcrystal":11,"stat.useItem.astralsorcery.blocklens":5,"stat.pickup.minecraft.tallgrass":553,"stat.pickup.minecraft.chainmail_leggings":1,"stat.useItem.sc.compressedstone":4,"stat.craftItem.sc.compressedsand":28,"stat.pickup.botanicbonsai.bonsai_pot_manager":1,"stat.craftItem.tconstruct.smeltery_controller":2,"stat.killEntity.PolarBear":3,"stat.useItem.skyresources.baseitemcomponent":335,"stat.craftItem.minecraft.snow":94,"stat.pickup.extrabotany.combatmaidboots":2,"stat.useItem.minecraft.stone_hoe":2,"stat.pickup.immersiveengineering.metal_device1":8,"stat.drop.botania.livingrock":2,"stat.craftItem.extrabotany.rewardbag943":21,"stat.sneakTime":223619,"stat.craftItem.enderio.block_enhanced_sag_mill":1,"stat.useItem.tconstruct.slime_congealed":1,"stat.useItem.botania.manaresource":23,"stat.craftItem.sc.compressedstick":5,"stat.pickup.minecraft.chest":53,"stat.craftItem.sc.compressedironknife":1,"stat.useItem.minecraft.lapis_block":3,"stat.pickup.immersiveengineering.ore":3,"stat.pickup.skyresources.combustionheater":13,"stat.mineBlock.astralsorcery.blockcelestialcollectorcrystal":1,"stat.craftItem.skyresources.crucibleinserter":3,"stat.craftItem.immersiveengineering.connector":36,"stat.craftItem.botania.petal":450,"stat.craftItem.tconstruct.faucet":18,"stat.craftItem.botania.rainbowrod":1,"stat.pickup.bigreactors.oreyellorite":5,"stat.craftItem.extrautils2.compressedcobblestone":3123,"stat.swimOneCm":91871,"stat.craftItem.tinker_io.ore_crusher":1,"stat.mineBlock.botania.floatingspecialflower":69,"stat.craftItem.botania.terraplate":1,"stat.pickup.extrabotany.silenteternity":1,"stat.drop.minecraft.brown_mushroom":1,"stat.useItem.minecraft.dirt":24,"stat.pickup.minecraft.purpur_block":4,"stat.useItem.botania.fertilizer":13,"stat.drop.minecraft.ender_pearl":1,"stat.mineBlock.minecraft.magma":2,"stat.craftItem.skyresources.alchemy":2,"stat.mineBlock.minecraft.redstone_block":23,"stat.useItem.appliedenergistics2.charged_quartz_ore":1,"stat.pickup.minecraft.glass_bottle":7,"stat.pickup.appliedenergistics2.material":970,"stat.pickup.psi.cad":2,"stat.killEntity.spirit":7,"stat.drop.minecraft.wheat_seeds":4,"stat.drop.astralsorcery.itemconstellationpaper":17,"stat.craftItem.botania.waterrod":1,"stat.pickup.astralsorcery.itemtunedrockcrystal":6,"stat.mineBlock.astralsorcery.blockaltar":3,"stat.craftItem.minecraft.sapling":1,"stat.pickup.botania.manasteelsword":2,"stat.craftItem.enderio.item_end_steel_boots":1,"stat.pickup.minecraft.mutton":18,"stat.pickup.industrialforegoing.block_destroyer":5,"stat.useItem.minecraft.lever":4,"stat.pickup.immersiveengineering.cloth_device":1,"stat.pickup.minecraft.dark_oak_door":1,"stat.craftItem.randomthings.eclipsedclock":1,"stat.drop.minecraft.beetroot_seeds":1,"stat.pickup.enderio.block_alloy_smelter":2,"stat.mineBlock.minecraft.nether_brick":11,"stat.pickup.skyresources.techitemcomponent":896,"stat.pickup.openblocks.block_placer":34,"stat.useItem.astralsorcery.blockmarble":1086,"stat.pickup.harvestcraft.mudfishrawitem":4,"stat.craftItem.mekanism.energytablet":2,"stat.craftItem.minecraft.stone_slab2":28,"stat.craftItem.botania.supertravelbelt":1,"stat.mineBlock.skyresources.minifreezer":2,"stat.pickup.actuallyadditions.item_misc":2,"stat.useItem.minecraft.stone_slab":75,"stat.craftItem.minecraft.stone":896,"stat.useItem.tconstruct.casting":7,"stat.mineBlock.minecraft.crafting_table":8,"stat.killEntity.Endermite":2,"stat.useItem.minecraft.carrot":1,"stat.mineBlock.enderio.block_simple_alloy_smelter":1,"stat.useItem.minecraft.wheat":40,"stat.useItem.minecraft.ender_eye":11,"stat.pickup.extrabotany.recordgaia3":1,"stat.pickup.skyresources.heatprovider":19,"stat.pickup.botania.hourglass":1,"stat.mineBlock.astralsorcery.blockcelestialcrystals":3,"stat.useItem.storagedrawers.framingtable":2,"stat.craftItem.minecraft.clay":96,"stat.pickup.harvestcraft.anchovyrawitem":7,"stat.useItem.thermalfoundation.wrench":1,"stat.pickup.minecraft.gravel":9421,"stat.useItem.minecraft.glass_bottle":5,"stat.mineBlock.tconstruct.smeltery_controller":2,"stat.craftItem.enderio.item_end_steel_bow":1,"stat.useItem.immersiveengineering.metal_decoration1":126,"stat.pickup.astralsorcery.itemrockcrystalsimple":110,"stat.pickup.tconstruct.hatchet":1,"stat.useItem.immersiveengineering.metal_decoration0":69,"stat.useItem.openblocks.tank":1,"stat.useItem.storagedrawers.basicdrawers":1,"stat.useItem.minecraft.bedrock":12,"stat.killEntity.SkeletonHorse":4,"stat.pickup.enderio.item_power_conduit":44,"stat.craftItem.bonsaitrees.bonsaipot":24,"stat.useItem.minecraft.piston":9,"stat.mineBlock.astralsorcery.blockstarlightinfuser":1,"stat.useItem.botania.manasteelsword":175,"stat.pickup.minecraft.spider_eye":26,"stat.craftItem.enderio.block_slice_and_splice":1,"stat.pickup.minecraft.iron_ore":6927,"stat.pickup.tconstruct.slime_congealed":1,"stat.pickup.chisel.planks-birch":6,"stat.pickup.minecraft.snow":13,"stat.pickup.botania.dreamwood":512,"stat.craftItem.immersiveengineering.metal_decoration1":66,"stat.craftItem.immersiveengineering.metal_decoration2":3,"stat.pickup.minecraft.leaves":273,"stat.craftItem.sc.compresseddiamondgrinder":2,"stat.craftItem.immersiveengineering.metal_decoration0":138,"stat.pickup.minecraft.leather":87,"stat.craftItem.extrabotany.shadowkatana":1,"stat.useItem.astralsorcery.blockcustomore":12,"stat.craftItem.botania.spark":9,"stat.mineBlock.minecraft.mycelium":1,"stat.dispenserInspected":67,"stat.useItem.tconstruct.kama":1,"stat.pickup.minecraft.reeds":21,"stat.pickup.minecraft.prismarine_crystals":80,"stat.craftItem.sc.compressedcactus":1,"stat.useItem.minecraft.end_portal_frame":11,"stat.pickup.tconstruct.materials":199,"stat.craftItem.tinker_io.solidfuel":512,"stat.craftItem.extrabotany.combatmaidhelm":1,"stat.pickup.sakura.foodset":14,"stat.craftItem.storagedrawers.controller":64,"stat.craftItem.minecraft.cauldron":3,"stat.pickup.botania.dye":1,"stat.pickup.enderio.item_conduit_facade":663,"stat.killEntity.Cow":7,"stat.pickup.minecraft.minecart":2,"stat.killEntity.Pig":2,"stat.pickup.minecraft.piston":2,"stat.walkOneCm":12840946,"stat.playerKills":31,"stat.pickup.minecraft.clay_ball":643,"stat.mineBlock.immersiveengineering.storage":3,"stat.pickup.enderio.item_dark_steel_boots":2,"stat.useItem.minecraft.emerald_block":2,"stat.useItem.immersiveengineering.sheetmetal":255,"stat.craftItem.actuallyadditions.block_breaker":8,"stat.craftItem.skyresources.blazepowderblock":874,"stat.craftItem.actuallyadditions.item_crystal":45,"stat.craftItem.storagedrawers.controllerslave":64,"stat.pickup.minecraft.stone":25391,"stat.craftItem.minecraft.hay_block":5,"stat.pickup.minecraft.gold_ingot":81,"stat.pickup.extrabotany.firstfractal":1,"stat.craftItem.skyresources.baseitemcomponent":1141,"stat.killEntity.Skeleton":218,"stat.useItem.botania.crystalbow":281,"stat.mineBlock.immersiveengineering.cloth_device":1,"stat.mineBlock.minecraft.redstone_torch":4,"stat.killEntity.Spider":29,"stat.pickup.astralsorcery.itemcraftingcomponent":112,"stat.killEntity.Mule":2,"stat.pickup.minecraft.quartz":5358,"stat.craftItem.enderio.item_end_steel_pickaxe":1,"stat.pickup.minecraft.water_bucket":1,"stat.pickup.botania.pool":2,"stat.craftItem.skyresources.crucible":3,"stat.pickup.astralsorcery.blockmapdrawingtable":2,"stat.pickup.minecraft.lava_bucket":9,"stat.craftItem.minecraft.coal_block":72,"stat.mineBlock.immersiveengineering.stone_decoration":55,"stat.mineBlock.minecraft.stone":3302}